#
# There is insufficient memory for the Java Runtime Environment to continue.
# Native memory allocation (mmap) failed to map 65536 bytes. Error detail: Failed to commit metaspace.
# Possible reasons:
#   The system is out of physical RAM or swap space
#   This process is running with CompressedOops enabled, and the Java Heap may be blocking the growth of the native heap
# Possible solutions:
#   Reduce memory load on the system
#   Increase physical memory or swap space
#   Check if swap backing store is full
#   Decrease Java heap size (-Xmx/-Xms)
#   Decrease number of Java threads
#   Decrease Java thread stack sizes (-Xss)
#   Set larger code cache with -XX:ReservedCodeCacheSize=
#   JVM is running with Unscaled Compressed Oops mode in which the Java heap is
#     placed in the first 4GB address space. The Java Heap base address is the
#     maximum limit for the native heap growth. Please use -XX:HeapBaseMinAddress
#     to set the Java Heap base and to place the Java Heap above 4GB virtual address.
# This output file may be truncated or incomplete.
#
#  Out of Memory Error (virtualSpaceNode.cpp:113), pid=828, tid=2808
#
# JRE version: OpenJDK Runtime Environment Temurin-21.0.9+10 (21.0.9+10) (build 21.0.9+10-LTS)
# Java VM: OpenJDK 64-Bit Server VM Temurin-21.0.9+10 (21.0.9+10-LTS, mixed mode, sharing, tiered, compressed oops, compressed class ptrs, parallel gc, windows-amd64)
# No core dump will be written. Minidumps are not enabled by default on client versions of Windows
#

---------------  S U M M A R Y ------------

Command Line: --add-modules=ALL-SYSTEM --add-opens=java.base/java.util=ALL-UNNAMED --add-opens=java.base/java.lang=ALL-UNNAMED --add-opens=java.base/sun.nio.fs=ALL-UNNAMED -Declipse.application=org.eclipse.jdt.ls.core.id1 -Dosgi.bundles.defaultStartLevel=4 -Declipse.product=org.eclipse.jdt.ls.core.product -Djava.import.generatesMetadataFilesAtProjectRoot=false -DDetectVMInstallationsJob.disabled=true -Dfile.encoding=utf8 -XX:+UseParallelGC -XX:GCTimeRatio=4 -XX:AdaptiveSizePolicyWeight=90 -Dsun.zip.disableMemoryMapping=true -Xmx2G -Xms100m -Xlog:disable -javaagent:c:\Users\aymna\.vscode\extensions\redhat.java-1.50.0-win32-x64\lombok\lombok-1.18.39-4050.jar c:\Users\aymna\.vscode\extensions\redhat.java-1.50.0-win32-x64\server\plugins\org.eclipse.equinox.launcher_1.7.100.v20251111-0406.jar -configuration c:\Users\aymna\AppData\Roaming\Code\User\globalStorage\redhat.java\1.50.0\config_ss_win -data c:\Users\aymna\AppData\Roaming\Code\User\workspaceStorage\ec07a277240995c18f3b06316e893f1d\redhat.java\ss_ws --pipe=\\.\pipe\lsp-0d6731dd7e6a21a221c190a933053921-sock

Host: Intel(R) Core(TM) i7-6600U CPU @ 2.60GHz, 4 cores, 15G,  Windows 10 , 64 bit Build 19041 (10.0.19041.5915)
Time: Thu Dec 25 23:44:55 2025 Egypt Standard Time elapsed time: 7.904756 seconds (0d 0h 0m 7s)

---------------  T H R E A D  ---------------

Current thread (0x000001597788c230):  JavaThread "Start Level: Equinox Container: 55401218-4a51-4d89-a880-17d4947611ea" daemon [_thread_in_vm, id=2808, stack(0x0000004b17b00000,0x0000004b17c00000) (1024K)]

Stack: [0x0000004b17b00000,0x0000004b17c00000]
Native frames: (J=compiled Java code, j=interpreted, Vv=VM code, C=native code)
V  [jvm.dll+0x6d6e29]
V  [jvm.dll+0x8b4b76]
V  [jvm.dll+0x8b712e]
V  [jvm.dll+0x8b7813]
V  [jvm.dll+0x283d86]
V  [jvm.dll+0x8b08be]
V  [jvm.dll+0x678824]
V  [jvm.dll+0x1e80ab]
V  [jvm.dll+0x1e7e6e]
V  [jvm.dll+0x67b122]
V  [jvm.dll+0x67af52]
V  [jvm.dll+0x6791fe]
V  [jvm.dll+0x3c6dd3]
V  [jvm.dll+0x21151b]
V  [jvm.dll+0x5b5a39]
V  [jvm.dll+0x82dee6]
V  [jvm.dll+0x478438]
V  [jvm.dll+0x47e268]
C  [java.dll+0x17ec]

Java frames: (J=compiled Java code, j=interpreted, Vv=VM code)
J 1116  java.lang.ClassLoader.defineClass1(Ljava/lang/ClassLoader;Ljava/lang/String;[BIILjava/security/ProtectionDomain;Ljava/lang/String;)Ljava/lang/Class; java.base@21.0.9 (0 bytes) @ 0x000001596669dd11 [0x000001596669dc40+0x00000000000000d1]
J 1760 c1 java.lang.ClassLoader.defineClass(Ljava/lang/String;[BIILjava/security/ProtectionDomain;)Ljava/lang/Class; java.base@21.0.9 (43 bytes) @ 0x000001595ee6c27c [0x000001595ee6bf20+0x000000000000035c]
j  org.eclipse.osgi.internal.loader.ModuleClassLoader.defineClass(Ljava/lang/String;[BLorg/eclipse/osgi/internal/loader/classpath/ClasspathEntry;)Lorg/eclipse/osgi/internal/loader/ModuleClassLoader$DefineClassResult;+37
J 2130 c1 org.eclipse.osgi.internal.loader.classpath.ClasspathManager.defineClass(Ljava/lang/String;[BLorg/eclipse/osgi/internal/loader/classpath/ClasspathEntry;Lorg/eclipse/osgi/storage/bundlefile/BundleEntry;Ljava/util/List;)Ljava/lang/Class; (636 bytes) @ 0x000001595ef37564 [0x000001595ef35ac0+0x0000000000001aa4]
J 2129 c1 org.eclipse.osgi.internal.loader.classpath.ClasspathManager.findClassImpl(Ljava/lang/String;Lorg/eclipse/osgi/internal/loader/classpath/ClasspathEntry;Ljava/util/List;)Ljava/lang/Class; (328 bytes) @ 0x000001595ef31494 [0x000001595ef2dec0+0x00000000000035d4]
J 1945 c1 org.eclipse.osgi.internal.loader.classpath.ClasspathManager.findLocalClassImpl(Ljava/lang/String;[Lorg/eclipse/osgi/internal/loader/classpath/ClasspathEntry;Ljava/util/List;)Ljava/lang/Class; (55 bytes) @ 0x000001595eed7164 [0x000001595eed6fe0+0x0000000000000184]
J 1944 c1 org.eclipse.osgi.internal.loader.classpath.ClasspathManager.findLocalClassImpl(Ljava/lang/String;Ljava/util/List;)Ljava/lang/Class; (132 bytes) @ 0x000001595eed6714 [0x000001595eed61e0+0x0000000000000534]
J 2055 c1 org.eclipse.osgi.internal.loader.classpath.ClasspathManager.findLocalClass(Ljava/lang/String;)Ljava/lang/Class; (210 bytes) @ 0x000001595ef09724 [0x000001595ef08a60+0x0000000000000cc4]
J 1938 c1 org.eclipse.osgi.internal.loader.BundleLoader.findLocalClass(Ljava/lang/String;)Ljava/lang/Class; (159 bytes) @ 0x000001595eec8ad4 [0x000001595eec7ee0+0x0000000000000bf4]
J 1834 c1 org.eclipse.osgi.internal.loader.BundleLoader.findClass0(Ljava/lang/String;ZZ)Ljava/lang/Class; (490 bytes) @ 0x000001595ee97814 [0x000001595ee94660+0x00000000000031b4]
J 1833 c1 org.eclipse.osgi.internal.loader.BundleLoader.findClass(Ljava/lang/String;)Ljava/lang/Class; (8 bytes) @ 0x000001595ee93c4c [0x000001595ee93bc0+0x000000000000008c]
J 1885 c1 org.eclipse.osgi.internal.loader.ModuleClassLoader.loadClass(Ljava/lang/String;Z)Ljava/lang/Class; (36 bytes) @ 0x000001595eeb154c [0x000001595eeb1320+0x000000000000022c]
J 1018 c1 java.lang.ClassLoader.loadClass(Ljava/lang/String;)Ljava/lang/Class; java.base@21.0.9 (7 bytes) @ 0x000001595ecf4154 [0x000001595ecf4040+0x0000000000000114]
v  ~StubRoutines::call_stub 0x000001596609100d
j  org.eclipse.core.internal.preferences.PreferencesService.getNodes(Ljava/lang/String;Ljava/lang/String;[Lorg/eclipse/core/runtime/preferences/IScopeContext;)[Lorg/osgi/service/prefs/Preferences;+58
j  org.eclipse.core.internal.preferences.PreferencesService.getString(Ljava/lang/String;Ljava/lang/String;Ljava/lang/String;[Lorg/eclipse/core/runtime/preferences/IScopeContext;)Ljava/lang/String;+13
j  org.eclipse.core.internal.resources.Workspace.setExplicitWorkspaceEncoding()V+11
j  org.eclipse.core.internal.resources.Workspace.open(Lorg/eclipse/core/runtime/IProgressMonitor;)Lorg/eclipse/core/runtime/IStatus;+102
j  org.eclipse.core.resources.ResourcesPlugin$WorkspaceInitCustomizer.addingService(Lorg/osgi/framework/ServiceReference;)Lorg/eclipse/core/internal/resources/Workspace;+45
j  org.eclipse.core.resources.ResourcesPlugin$WorkspaceInitCustomizer.addingService(Lorg/osgi/framework/ServiceReference;)Ljava/lang/Object;+5
j  org.osgi.util.tracker.ServiceTracker$Tracked.customizerAdding(Lorg/osgi/framework/ServiceReference;Lorg/osgi/framework/ServiceEvent;)Ljava/lang/Object;+8
j  org.osgi.util.tracker.ServiceTracker$Tracked.customizerAdding(Ljava/lang/Object;Ljava/lang/Object;)Ljava/lang/Object;+9
j  org.osgi.util.tracker.AbstractTracked.trackAdding(Ljava/lang/Object;Ljava/lang/Object;)V+8
j  org.osgi.util.tracker.AbstractTracked.trackInitial()V+90
j  org.osgi.util.tracker.ServiceTracker.open(Z)V+198
j  org.osgi.util.tracker.ServiceTracker.open()V+2
j  org.eclipse.core.resources.ResourcesPlugin.start(Lorg/osgi/framework/BundleContext;)V+106
j  org.eclipse.osgi.internal.framework.BundleContextImpl$2.run()Ljava/lang/Void;+23
j  org.eclipse.osgi.internal.framework.BundleContextImpl$2.run()Ljava/lang/Object;+1
J 1152 c1 java.security.AccessController.executePrivileged(Ljava/security/PrivilegedExceptionAction;Ljava/security/AccessControlContext;Ljava/lang/Class;)Ljava/lang/Object; java.base@21.0.9 (65 bytes) @ 0x000001595ed337c4 [0x000001595ed33660+0x0000000000000164]
j  java.security.AccessController.doPrivileged(Ljava/security/PrivilegedExceptionAction;)Ljava/lang/Object;+9 java.base@21.0.9
j  org.eclipse.osgi.internal.framework.BundleContextImpl.startActivator(Lorg/osgi/framework/BundleActivator;)V+9
j  org.eclipse.osgi.internal.framework.BundleContextImpl.start()V+141
j  org.eclipse.osgi.internal.framework.EquinoxBundle.startWorker0()V+35
j  org.eclipse.osgi.internal.framework.EquinoxBundle$EquinoxModule.startWorker()V+4
j  org.eclipse.osgi.container.Module.doStart([Lorg/eclipse/osgi/container/Module$StartOptions;)Lorg/eclipse/osgi/container/ModuleContainerAdaptor$ModuleEvent;+200
j  org.eclipse.osgi.container.Module.start([Lorg/eclipse/osgi/container/Module$StartOptions;)V+460
j  org.eclipse.osgi.framework.util.SecureAction.start(Lorg/eclipse/osgi/container/Module;[Lorg/eclipse/osgi/container/Module$StartOptions;)V+8
J 1939 c1 org.eclipse.osgi.internal.hooks.EclipseLazyStarter.postFindLocalClass(Ljava/lang/String;Ljava/lang/Class;Lorg/eclipse/osgi/internal/loader/classpath/ClasspathManager;)V (394 bytes) @ 0x000001595eecc294 [0x000001595eecb2c0+0x0000000000000fd4]
J 2055 c1 org.eclipse.osgi.internal.loader.classpath.ClasspathManager.findLocalClass(Ljava/lang/String;)Ljava/lang/Class; (210 bytes) @ 0x000001595ef09a74 [0x000001595ef08a60+0x0000000000001014]
J 1938 c1 org.eclipse.osgi.internal.loader.BundleLoader.findLocalClass(Ljava/lang/String;)Ljava/lang/Class; (159 bytes) @ 0x000001595eec8ad4 [0x000001595eec7ee0+0x0000000000000bf4]
J 1834 c1 org.eclipse.osgi.internal.loader.BundleLoader.findClass0(Ljava/lang/String;ZZ)Ljava/lang/Class; (490 bytes) @ 0x000001595ee97814 [0x000001595ee94660+0x00000000000031b4]
J 1833 c1 org.eclipse.osgi.internal.loader.BundleLoader.findClass(Ljava/lang/String;)Ljava/lang/Class; (8 bytes) @ 0x000001595ee93c4c [0x000001595ee93bc0+0x000000000000008c]
J 1885 c1 org.eclipse.osgi.internal.loader.ModuleClassLoader.loadClass(Ljava/lang/String;Z)Ljava/lang/Class; (36 bytes) @ 0x000001595eeb154c [0x000001595eeb1320+0x000000000000022c]
J 1018 c1 java.lang.ClassLoader.loadClass(Ljava/lang/String;)Ljava/lang/Class; java.base@21.0.9 (7 bytes) @ 0x000001595ecf4154 [0x000001595ecf4040+0x0000000000000114]
v  ~StubRoutines::call_stub 0x000001596609100d
j  java.lang.Class.getDeclaredConstructors0(Z)[Ljava/lang/reflect/Constructor;+0 java.base@21.0.9
j  java.lang.Class.privateGetDeclaredConstructors(Z)[Ljava/lang/reflect/Constructor;+52 java.base@21.0.9
j  java.lang.Class.getConstructor0([Ljava/lang/Class;I)Ljava/lang/reflect/Constructor;+14 java.base@21.0.9
j  java.lang.Class.getConstructor([Ljava/lang/Class;)Ljava/lang/reflect/Constructor;+24 java.base@21.0.9
j  org.eclipse.osgi.internal.framework.BundleContextImpl.loadBundleActivator()Lorg/osgi/framework/BundleActivator;+105
j  org.eclipse.osgi.internal.framework.BundleContextImpl.start()V+18
j  org.eclipse.osgi.internal.framework.EquinoxBundle.startWorker0()V+35
j  org.eclipse.osgi.internal.framework.EquinoxBundle$EquinoxModule.startWorker()V+4
j  org.eclipse.osgi.container.Module.doStart([Lorg/eclipse/osgi/container/Module$StartOptions;)Lorg/eclipse/osgi/container/ModuleContainerAdaptor$ModuleEvent;+200
j  org.eclipse.osgi.container.Module.start([Lorg/eclipse/osgi/container/Module$StartOptions;)V+460
j  org.eclipse.osgi.container.ModuleContainer$ContainerStartLevel$2.run()V+83
j  org.eclipse.osgi.internal.framework.EquinoxContainerAdaptor$1$1.execute(Ljava/lang/Runnable;)V+1
j  org.eclipse.osgi.container.ModuleContainer$ContainerStartLevel.incStartLevel(ILjava/util/List;Z)V+193
j  org.eclipse.osgi.container.ModuleContainer$ContainerStartLevel.incStartLevel(ILjava/util/List;Ljava/util/List;Ljava/util/List;Ljava/util/List;)V+19
j  org.eclipse.osgi.container.ModuleContainer$ContainerStartLevel.doContainerStartLevel(Lorg/eclipse/osgi/container/Module;I[Lorg/osgi/framework/FrameworkListener;)V+358
j  org.eclipse.osgi.container.ModuleContainer$ContainerStartLevel.dispatchEvent(Lorg/eclipse/osgi/container/Module;[Lorg/osgi/framework/FrameworkListener;ILjava/lang/Integer;)V+32
j  org.eclipse.osgi.container.ModuleContainer$ContainerStartLevel.dispatchEvent(Ljava/lang/Object;Ljava/lang/Object;ILjava/lang/Object;)V+15
j  org.eclipse.osgi.framework.eventmgr.EventManager.dispatchEvent(Ljava/util/Set;Lorg/eclipse/osgi/framework/eventmgr/EventDispatcher;ILjava/lang/Object;)V+48
j  org.eclipse.osgi.framework.eventmgr.EventManager$EventThread.run()V+26
v  ~StubRoutines::call_stub 0x000001596609100d

Compiled method (n/a) 7954 1116     n 0       java.lang.ClassLoader::defineClass1 (native)
 total in heap  [0x000001596669da90,0x000001596669df18] = 1160
 relocation     [0x000001596669dbf0,0x000001596669dc28] = 56
 main code      [0x000001596669dc40,0x000001596669df16] = 726
 stub code      [0x000001596669df16,0x000001596669df18] = 2

[Constant Pool (empty)]

[MachCode]
[Entry Point]
  # {method} {0x0000015900436820} 'defineClass1' '(Ljava/lang/ClassLoader;Ljava/lang/String;[BIILjava/security/ProtectionDomain;Ljava/lang/String;)Ljava/lang/Class;' in 'java/lang/ClassLoader'
  # parm0:    rdx:rdx   = 'java/lang/ClassLoader'
  # parm1:    r8:r8     = 'java/lang/String'
  # parm2:    r9:r9     = '[B'
  # parm3:    rdi       = int
  # parm4:    rsi       = int
  # parm5:    rcx:rcx   = 'java/security/ProtectionDomain'
  # parm6:    [sp+0xa0]   = 'java/lang/String'  (sp of caller)
  0x000001596669dc40: 448b 5208 | 49bb 0000 | 0000 5901 | 0000 4d03 | d349 3bc2 | 0f84 0600 

  0x000001596669dc58: ;   {runtime_call ic_miss_stub}
  0x000001596669dc58: 0000 e921 | 08a4 ff90 
[Verified Entry Point]
  0x000001596669dc60: 8984 2400 | 80ff ff55 | 488b ec48 | 81ec 9000 | 0000 6690 | 4181 7f20 | 0100 0000 

  0x000001596669dc7c: ;   {runtime_call StubRoutines (final stubs)}
  0x000001596669dc7c: 7405 e85d | ada2 ff48 | 837d 1000 | 488d 4510 | 480f 4445 | 1048 8944 | 2440 4889 | 4c24 7048 
  0x000001596669dc9c: 83f9 0048 | 8d44 2470 | 480f 4444 | 2470 4889 | 4424 3848 | 8974 2430 | 4889 7c24 | 284c 894c 
  0x000001596669dcbc: 2458 4983 | f900 488d | 4424 5848 | 0f44 4424 | 5848 8944 | 2420 4c89 | 4424 5049 | 83f8 004c 
  0x000001596669dcdc: 8d4c 2450 | 4c0f 444c | 2450 4889 | 5424 4848 | 83fa 004c | 8d44 2448 | 4c0f 4444 

  0x000001596669dcf8: ;   {oop(a 'java/lang/Class'{0x00000000d6ea93e0} = 'java/lang/ClassLoader')}
  0x000001596669dcf8: 2448 49be | e093 ead6 | 0000 0000 | 4c89 7424 | 784c 8d74 | 2478 498b | d6c5 f877 

  0x000001596669dd14: ;   {internal_word}
  0x000001596669dd14: 49ba 11dd | 6966 5901 | 0000 4d89 | 97a0 0300 | 0049 89a7 | 9803 0000 

  0x000001596669dd2c: ;   {external_word}
  0x000001596669dd2c: 49ba cf4d | 236f fc7f | 0000 4180 | 3a00 0f84 | 4e00 0000 | 5241 5041 

  0x000001596669dd44: ;   {metadata({method} {0x0000015900436820} 'defineClass1' '(Ljava/lang/ClassLoader;Ljava/lang/String;[BIILjava/security/ProtectionDomain;Ljava/lang/String;)Ljava/lang/Class;' in 'java/lang/ClassLoader')}
  0x000001596669dd44: 5148 ba18 | 6843 0059 | 0100 0049 | 8bcf 4883 | ec20 40f6 | c40f 0f84 | 1900 0000 | 4883 ec08 
  0x000001596669dd64: ;   {runtime_call}
  0x000001596669dd64: 48b8 40d5 | cc6e fc7f | 0000 ffd0 | 4883 c408 | e90c 0000 

  0x000001596669dd78: ;   {runtime_call}
  0x000001596669dd78: 0048 b840 | d5cc 6efc | 7f00 00ff | d048 83c4 | 2041 5941 | 585a 498d | 8fb8 0300 | 0041 c787 
  0x000001596669dd98: 4404 0000 | 0400 0000 

  0x000001596669dda0: ;   {runtime_call}
  0x000001596669dda0: 48b8 ac16 | 7bb4 fc7f | 0000 ffd0 | c5f8 7741 | c787 4404 | 0000 0500 | 0000 f083 | 4424 c000 
  0x000001596669ddc0: 493b af48 | 0400 000f | 870e 0000 | 0041 83bf | 4004 0000 | 000f 842b | 0000 00c5 | f877 4889 
  0x000001596669dde0: 45f8 498b | cf4c 8be4 | 4883 ec20 | 4883 e4f0 

  0x000001596669ddf0: ;   {runtime_call}
  0x000001596669ddf0: 48b8 e04b | 986e fc7f | 0000 ffd0 | 498b e44d | 33e4 488b | 45f8 41c7 | 8744 0400 | 0008 0000 
  0x000001596669de10: 0041 83bf | c004 0000 | 020f 84ca 

  0x000001596669de1c: ;   {external_word}
  0x000001596669de1c: 0000 0049 | bacf 4d23 | 6ffc 7f00 | 0041 803a | 000f 844c | 0000 0048 

  0x000001596669de34: ;   {metadata({method} {0x0000015900436820} 'defineClass1' '(Ljava/lang/ClassLoader;Ljava/lang/String;[BIILjava/security/ProtectionDomain;Ljava/lang/String;)Ljava/lang/Class;' in 'java/lang/ClassLoader')}
  0x000001596669de34: 8945 f848 | ba18 6843 | 0059 0100 | 0049 8bcf | 4883 ec20 | 40f6 c40f | 0f84 1900 | 0000 4883 
  0x000001596669de54: ;   {runtime_call}
  0x000001596669de54: ec08 48b8 | 40d5 cc6e | fc7f 0000 | ffd0 4883 | c408 e90c 

  0x000001596669de68: ;   {runtime_call}
  0x000001596669de68: 0000 0048 | b840 d5cc | 6efc 7f00 | 00ff d048 | 83c4 2048 | 8b45 f849 | c787 9803 | 0000 0000 
  0x000001596669de88: 0000 49c7 | 87a0 0300 | 0000 0000 | 00c5 f877 | 4885 c00f | 8425 0000 | 00a8 030f | 8508 0000 
  0x000001596669dea8: 0048 8b00 | e915 0000 | 00a8 010f | 8509 0000 | 0048 8b40 | fee9 0400 | 0000 488b | 40ff 498b 
  0x000001596669dec8: 8f28 0400 | 00c7 8100 | 0100 0000 | 0000 00c9 | 4983 7f08 | 000f 8501 | 0000 00c3 

  0x000001596669dee4: ;   {runtime_call StubRoutines (initial stubs)}
  0x000001596669dee4: e917 309f | ffc5 f877 | 4889 45f8 | 4c8b e448 | 83ec 2048 

  0x000001596669def8: ;   {runtime_call}
  0x000001596669def8: 83e4 f048 | b890 0ccd | 6efc 7f00 | 00ff d049 | 8be4 4d33 | e448 8b45 | f8e9 09ff | ffff f4f4 
[/MachCode]


Compiled method (c1) 7985 1760       3       java.lang.ClassLoader::defineClass (43 bytes)
 total in heap  [0x000001595ee6bd10,0x000001595ee6c670] = 2400
 relocation     [0x000001595ee6be70,0x000001595ee6bf10] = 160
 main code      [0x000001595ee6bf20,0x000001595ee6c3c0] = 1184
 stub code      [0x000001595ee6c3c0,0x000001595ee6c438] = 120
 metadata       [0x000001595ee6c438,0x000001595ee6c468] = 48
 scopes data    [0x000001595ee6c468,0x000001595ee6c558] = 240
 scopes pcs     [0x000001595ee6c558,0x000001595ee6c638] = 224
 dependencies   [0x000001595ee6c638,0x000001595ee6c648] = 16
 nul chk table  [0x000001595ee6c648,0x000001595ee6c670] = 40

[Constant Pool (empty)]

[MachCode]
[Entry Point]
  # {method} {0x0000015900436ba0} 'defineClass' '(Ljava/lang/String;[BIILjava/security/ProtectionDomain;)Ljava/lang/Class;' in 'java/lang/ClassLoader'
  # this:     rdx:rdx   = 'java/lang/ClassLoader'
  # parm0:    r8:r8     = 'java/lang/String'
  # parm1:    r9:r9     = '[B'
  # parm2:    rdi       = int
  # parm3:    rsi       = int
  # parm4:    rcx:rcx   = 'java/security/ProtectionDomain'
  #           [sp+0xc0]  (sp of caller)
  0x000001595ee6bf20: 448b 5208 | 49bb 0000 | 0000 5901 | 0000 4d03 | d34c 3bd0 

  0x000001595ee6bf34: ;   {runtime_call ic_miss_stub}
  0x000001595ee6bf34: 0f85 4625 | 2707 660f | 1f44 0000 
[Verified Entry Point]
  0x000001595ee6bf40: 8984 2400 | 80ff ff55 | 4881 ecb0 | 0000 0090 | 4181 7f20 | 0100 0000 

  0x000001595ee6bf58: ;   {runtime_call StubRoutines (final stubs)}
  0x000001595ee6bf58: 7405 e881 | ca25 0748 | 8954 2478 

  0x000001595ee6bf64: ;   {metadata(method data for {method} {0x0000015900436ba0} 'defineClass' '(Ljava/lang/String;[BIILjava/security/ProtectionDomain;)Ljava/lang/Class;' in 'java/lang/ClassLoader')}
  0x000001595ee6bf64: 48bb 8864 | 3673 5901 | 0000 8b83 | cc00 0000 | 83c0 0289 | 83cc 0000 | 0025 fe07 | 0000 85c0 
  0x000001595ee6bf84: 0f84 5803 | 0000 89b4 | 2494 0000 | 0089 bc24 | 9000 0000 | 4c89 8c24 | 8800 0000 

  0x000001595ee6bfa0: ;   {metadata(method data for {method} {0x0000015900436ba0} 'defineClass' '(Ljava/lang/String;[BIILjava/security/ProtectionDomain;)Ljava/lang/Class;' in 'java/lang/ClassLoader')}
  0x000001595ee6bfa0: 488b da48 | b888 6436 | 7359 0100 | 0048 8380 | 1001 0000 | 0149 8bd8 | 4c8b c34c | 8bc9 488b 
  0x000001595ee6bfc0: ca48 8bd1 | 4889 9c24 | 8000 0000 

  0x000001595ee6bfcc: ;   {optimized virtual_call}
  0x000001595ee6bfcc: 6666 90e8 

  0x000001595ee6bfd0: ; ImmutableOopMap {[120]=Oop [128]=Oop [136]=Oop }
                      ;*invokevirtual preDefineClass {reexecute=0 rethrow=0 return_oop=0}
                      ; - java.lang.ClassLoader::defineClass@4
  0x000001595ee6bfd0: cc50 faff 

  0x000001595ee6bfd4: ;   {other}
  0x000001595ee6bfd4: 0f1f 8400 | c402 0000 | 4889 8424 | 9800 0000 | 488b 5424 

  0x000001595ee6bfe8: ;   {metadata(method data for {method} {0x0000015900436ba0} 'defineClass' '(Ljava/lang/String;[BIILjava/security/ProtectionDomain;)Ljava/lang/Class;' in 'java/lang/ClassLoader')}
  0x000001595ee6bfe8: 7849 b888 | 6436 7359 | 0100 0049 | 8380 4801 

  0x000001595ee6bff8: ;   {metadata(method data for {method} {0x0000015900436888} 'defineClassSourceLocation' '(Ljava/security/ProtectionDomain;)Ljava/lang/String;' in 'java/lang/ClassLoader')}
  0x000001595ee6bff8: 0000 0149 | b8a0 6b36 | 7359 0100 | 0041 8b90 | cc00 0000 | 83c2 0241 | 8990 cc00 | 0000 81e2 
  0x000001595ee6c018: feff 1f00 | 85d2 0f84 | df02 0000 

  0x000001595ee6c024: ; implicit exception: dispatches to 0x000001595ee6c324
  0x000001595ee6c024: 483b 004c 

  0x000001595ee6c028: ;   {metadata(method data for {method} {0x0000015900436888} 'defineClassSourceLocation' '(Ljava/security/ProtectionDomain;)Ljava/lang/String;' in 'java/lang/ClassLoader')}
  0x000001595ee6c028: 8bc0 48ba | a06b 3673 | 5901 0000 | 4883 8210 | 0100 0001 | 448b 4010 

  0x000001595ee6c040: ;   {metadata(method data for {method} {0x0000015900436888} 'defineClassSourceLocation' '(Ljava/security/ProtectionDomain;)Ljava/lang/String;' in 'java/lang/ClassLoader')}
  0x000001595ee6c040: 4d85 c048 | baa0 6b36 | 7359 0100 | 0048 c7c6 | 5801 0000 | 7507 48c7 | c648 0100 | 0048 8b3c 
  0x000001595ee6c060: 3248 8d7f | 0148 893c | 320f 850f 

  0x000001595ee6c06c: ;   {oop(nullptr)}
  0x000001595ee6c06c: 0000 0048 | bb00 0000 | 0000 0000 | 00e9 a901 | 0000 493b | 0049 8bd0 

  0x000001595ee6c084: ;   {metadata(method data for {method} {0x0000015900436888} 'defineClassSourceLocation' '(Ljava/security/ProtectionDomain;)Ljava/lang/String;' in 'java/lang/ClassLoader')}
  0x000001595ee6c084: 48be a06b | 3673 5901 | 0000 4883 | 8668 0100 | 0001 418b | 500c 4885 

  0x000001595ee6c09c: ;   {metadata(method data for {method} {0x0000015900436888} 'defineClassSourceLocation' '(Ljava/security/ProtectionDomain;)Ljava/lang/String;' in 'java/lang/ClassLoader')}
  0x000001595ee6c09c: d248 bea0 | 6b36 7359 | 0100 0048 | c7c7 b001 | 0000 7507 | 48c7 c7a0 | 0100 0048 | 8b1c 3e48 
  0x000001595ee6c0bc: 8d5b 0148 | 891c 3e0f | 850f 0000 

  0x000001595ee6c0c8: ;   {oop(nullptr)}
  0x000001595ee6c0c8: 0048 bb00 | 0000 0000 | 0000 00e9 | 4f01 0000 

  0x000001595ee6c0d8: ;   {metadata(method data for {method} {0x0000015900436888} 'defineClassSourceLocation' '(Ljava/security/ProtectionDomain;)Ljava/lang/String;' in 'java/lang/ClassLoader')}
  0x000001595ee6c0d8: 48be a06b | 3673 5901 | 0000 4883 | 86c0 0100 | 0001 483b | 024c 8bc2 

  0x000001595ee6c0f0: ;   {metadata(method data for {method} {0x0000015900436888} 'defineClassSourceLocation' '(Ljava/security/ProtectionDomain;)Ljava/lang/String;' in 'java/lang/ClassLoader')}
  0x000001595ee6c0f0: 48be a06b | 3673 5901 | 0000 4883 | 86f8 0100 

  0x000001595ee6c100: ;   {metadata(method data for {method} {0x000001590001abf0} 'toString' '()Ljava/lang/String;' in 'java/net/URL')}
  0x000001595ee6c100: 0001 49b8 | d85c 3673 | 5901 0000 | 418b b0cc | 0000 0083 | c602 4189 | b0cc 0000 | 0081 e6fe 
  0x000001595ee6c120: ff1f 0085 | f60f 8408 | 0200 004c 

  0x000001595ee6c12c: ;   {metadata(method data for {method} {0x000001590001abf0} 'toString' '()Ljava/lang/String;' in 'java/net/URL')}
  0x000001595ee6c12c: 8bc2 48be | d85c 3673 | 5901 0000 | 4883 8610 | 0100 0001 

  0x000001595ee6c140: ;   {metadata(method data for {method} {0x000001590042a428} 'toExternalForm' '()Ljava/lang/String;' in 'java/net/URL')}
  0x000001595ee6c140: 49b8 88fc | 3573 5901 | 0000 418b | b0cc 0000 | 0083 c602 | 4189 b0cc | 0000 0081 | e6fe ff1f 
  0x000001595ee6c160: 0085 f60f | 84eb 0100 | 008b 7238 

  0x000001595ee6c16c: ; implicit exception: dispatches to 0x000001595ee6c375
  0x000001595ee6c16c: 483b 064c 

  0x000001595ee6c170: ;   {metadata(method data for {method} {0x000001590042a428} 'toExternalForm' '()Ljava/lang/String;' in 'java/net/URL')}
  0x000001595ee6c170: 8bc6 48bf | 88fc 3573 | 5901 0000 | 458b 4008 | 49ba 0000 | 0000 5901 | 0000 4d03 | c24c 3b87 
  0x000001595ee6c190: 2001 0000 | 750d 4883 | 8728 0100 | 0001 e960 | 0000 004c | 3b87 3001 | 0000 750d | 4883 8738 
  0x000001595ee6c1b0: 0100 0001 | e94a 0000 | 0048 83bf | 2001 0000 | 0075 174c | 8987 2001 | 0000 48c7 | 8728 0100 
  0x000001595ee6c1d0: 0001 0000 | 00e9 2900 | 0000 4883 | bf30 0100 | 0000 7517 | 4c89 8730 | 0100 0048 | c787 3801 
  0x000001595ee6c1f0: 0000 0100 | 0000 e908 | 0000 0048 | 8387 1001 | 0000 014c | 8bc2 488b | d60f 1f40 | 0048 b8f8 
  0x000001595ee6c210: 4a21 0059 

  0x000001595ee6c214: ;   {virtual_call}
  0x000001595ee6c214: 0100 00e8 

  0x000001595ee6c218: ; ImmutableOopMap {[120]=Oop [128]=Oop [136]=Oop [152]=Oop }
                      ;*invokevirtual toExternalForm {reexecute=0 rethrow=0 return_oop=0}
                      ; - java.net.URL::toExternalForm@5
                      ; - java.net.URL::toString@1
                      ; - java.lang.ClassLoader::defineClassSourceLocation@22
                      ; - java.lang.ClassLoader::defineClass@12
  0x000001595ee6c218: 642a f0ff 

  0x000001595ee6c21c: ;   {other}
  0x000001595ee6c21c: 0f1f 8400 | 0c05 0001 | 488b d848 | 8b84 2498 | 0000 008b | b424 9400 | 0000 8bbc | 2490 0000 
  0x000001595ee6c23c: 004c 8b8c | 2488 0000 | 004c 8b84 | 2480 0000 | 0048 8b54 

  0x000001595ee6c250: ;   {metadata(method data for {method} {0x0000015900436ba0} 'defineClass' '(Ljava/lang/String;[BIILjava/security/ProtectionDomain;)Ljava/lang/Class;' in 'java/lang/ClassLoader')}
  0x000001595ee6c250: 2478 48b9 | 8864 3673 | 5901 0000 | 4883 8180 | 0100 0001 | 4c8b da49 | 8bd3 488b | c848 891c 
  0x000001595ee6c270: 2466 0f1f 

  0x000001595ee6c274: ;   {static_call}
  0x000001595ee6c274: 4400 00e8 

  0x000001595ee6c278: ; ImmutableOopMap {[120]=Oop [152]=Oop }
                      ;*invokestatic defineClass1 {reexecute=0 rethrow=0 return_oop=0}
                      ; - java.lang.ClassLoader::defineClass@27
  0x000001595ee6c278: e419 8307 

  0x000001595ee6c27c: ;   {other}
  0x000001595ee6c27c: 0f1f 8400 | 6c05 0002 | 488b 5424 

  0x000001595ee6c288: ;   {metadata(method data for {method} {0x0000015900436ba0} 'defineClass' '(Ljava/lang/String;[BIILjava/security/ProtectionDomain;)Ljava/lang/Class;' in 'java/lang/ClassLoader')}
  0x000001595ee6c288: 7849 b888 | 6436 7359 | 0100 0049 | 8380 9001 | 0000 014c | 8bc0 4c8b | 8c24 9800 | 0000 488b 
  0x000001595ee6c2a8: 5424 7848 | 8984 24a0 | 0000 000f 

  0x000001595ee6c2b4: ;   {optimized virtual_call}
  0x000001595ee6c2b4: 1f40 00e8 

  0x000001595ee6c2b8: ; ImmutableOopMap {[160]=Oop }
                      ;*invokevirtual postDefineClass {reexecute=0 rethrow=0 return_oop=0}
                      ; - java.lang.ClassLoader::defineClass@37
  0x000001595ee6c2b8: 6468 faff 

  0x000001595ee6c2bc: ;   {other}
  0x000001595ee6c2bc: 0f1f 8400 | ac05 0003 | 488b 8424 | a000 0000 | 4881 c4b0 | 0000 005d 

  0x000001595ee6c2d4: ;   {poll_return}
  0x000001595ee6c2d4: 493b a748 | 0400 000f | 8799 0000 

  0x000001595ee6c2e0: ;   {metadata({method} {0x0000015900436ba0} 'defineClass' '(Ljava/lang/String;[BIILjava/security/ProtectionDomain;)Ljava/lang/Class;' in 'java/lang/ClassLoader')}
  0x000001595ee6c2e0: 00c3 49ba | 986b 4300 | 5901 0000 | 4c89 5424 | 0848 c704 | 24ff ffff 

  0x000001595ee6c2f8: ;   {runtime_call counter_overflow Runtime1 stub}
  0x000001595ee6c2f8: ffe8 8299 

  0x000001595ee6c2fc: ; ImmutableOopMap {rdx=Oop r8=Oop r9=Oop rcx=Oop [120]=Oop }
                      ;*synchronization entry
                      ; - java.lang.ClassLoader::defineClass@-1
  0x000001595ee6c2fc: 3207 e987 

  0x000001595ee6c300: ;   {metadata({method} {0x0000015900436888} 'defineClassSourceLocation' '(Ljava/security/ProtectionDomain;)Ljava/lang/String;' in 'java/lang/ClassLoader')}
  0x000001595ee6c300: fcff ff49 | ba80 6843 | 0059 0100 | 004c 8954 | 2408 48c7 | 0424 ffff 

  0x000001595ee6c318: ;   {runtime_call counter_overflow Runtime1 stub}
  0x000001595ee6c318: ffff e861 

  0x000001595ee6c31c: ; ImmutableOopMap {rax=Oop [120]=Oop [128]=Oop [136]=Oop [152]=Oop }
                      ;*synchronization entry
                      ; - java.lang.ClassLoader::defineClassSourceLocation@-1
                      ; - java.lang.ClassLoader::defineClass@12
  0x000001595ee6c31c: 9932 07e9 | 00fd ffff 

  0x000001595ee6c324: ;   {runtime_call throw_null_pointer_exception Runtime1 stub}
  0x000001595ee6c324: e8d7 5c29 

  0x000001595ee6c328: ; ImmutableOopMap {rax=Oop [120]=Oop [128]=Oop [136]=Oop [152]=Oop }
                      ;*invokevirtual getCodeSource {reexecute=0 rethrow=0 return_oop=0}
                      ; - java.lang.ClassLoader::defineClassSourceLocation@1
                      ; - java.lang.ClassLoader::defineClass@12
                      ;   {runtime_call throw_null_pointer_exception Runtime1 stub}
  0x000001595ee6c328: 07e8 d25c 

  0x000001595ee6c32c: ; ImmutableOopMap {rax=Oop r8=Oop [120]=Oop [128]=Oop [136]=Oop [152]=Oop }
                      ;*invokevirtual getLocation {reexecute=0 rethrow=0 return_oop=0}
                      ; - java.lang.ClassLoader::defineClassSourceLocation@12
                      ; - java.lang.ClassLoader::defineClass@12
                      ;   {runtime_call throw_null_pointer_exception Runtime1 stub}
  0x000001595ee6c32c: 2907 e8cd 

  0x000001595ee6c330: ; ImmutableOopMap {rdx=Oop [120]=Oop [128]=Oop [136]=Oop [152]=Oop }
                      ;*invokevirtual toString {reexecute=0 rethrow=0 return_oop=0}
                      ; - java.lang.ClassLoader::defineClassSourceLocation@22
                      ; - java.lang.ClassLoader::defineClass@12
                      ;   {metadata({method} {0x000001590001abf0} 'toString' '()Ljava/lang/String;' in 'java/net/URL')}
  0x000001595ee6c330: 5c29 0749 | bae8 ab01 | 0059 0100 | 004c 8954 | 2408 48c7 | 0424 ffff 

  0x000001595ee6c348: ;   {runtime_call counter_overflow Runtime1 stub}
  0x000001595ee6c348: ffff e831 

  0x000001595ee6c34c: ; ImmutableOopMap {rdx=Oop [120]=Oop [128]=Oop [136]=Oop [152]=Oop }
                      ;*synchronization entry
                      ; - java.net.URL::toString@-1
                      ; - java.lang.ClassLoader::defineClassSourceLocation@22
                      ; - java.lang.ClassLoader::defineClass@12
  0x000001595ee6c34c: 9932 07e9 | d7fd ffff 

  0x000001595ee6c354: ;   {metadata({method} {0x000001590042a428} 'toExternalForm' '()Ljava/lang/String;' in 'java/net/URL')}
  0x000001595ee6c354: 49ba 20a4 | 4200 5901 | 0000 4c89 | 5424 0848 | c704 24ff 

  0x000001595ee6c368: ;   {runtime_call counter_overflow Runtime1 stub}
  0x000001595ee6c368: ffff ffe8 

  0x000001595ee6c36c: ; ImmutableOopMap {rdx=Oop [120]=Oop [128]=Oop [136]=Oop [152]=Oop }
                      ;*synchronization entry
                      ; - java.net.URL::toExternalForm@-1
                      ; - java.net.URL::toString@1
                      ; - java.lang.ClassLoader::defineClassSourceLocation@22
                      ; - java.lang.ClassLoader::defineClass@12
  0x000001595ee6c36c: 1099 3207 | e9f4 fdff 

  0x000001595ee6c374: ;   {runtime_call throw_null_pointer_exception Runtime1 stub}
  0x000001595ee6c374: ffe8 865c 

  0x000001595ee6c378: ; ImmutableOopMap {rdx=Oop rsi=Oop [120]=Oop [128]=Oop [136]=Oop [152]=Oop }
                      ;*invokevirtual toExternalForm {reexecute=0 rethrow=0 return_oop=0}
                      ; - java.net.URL::toExternalForm@5
                      ; - java.net.URL::toString@1
                      ; - java.lang.ClassLoader::defineClassSourceLocation@22
                      ; - java.lang.ClassLoader::defineClass@12
                      ;   {internal_word}
  0x000001595ee6c378: 2907 49ba | d4c2 e65e | 5901 0000 | 4d89 9760 

  0x000001595ee6c388: ;   {runtime_call SafepointBlob}
  0x000001595ee6c388: 0400 00e9 | 7087 2707 | 498b 87f8 | 0400 0049 | c787 f804 | 0000 0000 | 0000 49c7 | 8700 0500 
  0x000001595ee6c3a8: 0000 0000 | 0048 81c4 | b000 0000 

  0x000001595ee6c3b4: ;   {runtime_call unwind_exception Runtime1 stub}
  0x000001595ee6c3b4: 5de9 466b | 2907 f4f4 | f4f4 f4f4 
[Stub Code]
  0x000001595ee6c3c0: ;   {no_reloc}
  0x000001595ee6c3c0: 0f1f 4400 

  0x000001595ee6c3c4: ;   {static_stub}
  0x000001595ee6c3c4: 0048 bb00 | 0000 0000 

  0x000001595ee6c3cc: ;   {runtime_call nmethod}
  0x000001595ee6c3cc: 0000 00e9 | fbff ffff 

  0x000001595ee6c3d4: ;   {static_stub}
  0x000001595ee6c3d4: 48bb 0000 | 0000 0000 

  0x000001595ee6c3dc: ;   {runtime_call nmethod}
  0x000001595ee6c3dc: 0000 e9fb 

  0x000001595ee6c3e0: ;   {static_stub}
  0x000001595ee6c3e0: ffff ff48 | bb00 0000 | 0000 0000 

  0x000001595ee6c3ec: ;   {runtime_call nmethod}
  0x000001595ee6c3ec: 00e9 fbff 

  0x000001595ee6c3f0: ;   {static_stub}
  0x000001595ee6c3f0: ffff 48bb | 0000 0000 | 0000 0000 

  0x000001595ee6c3fc: ;   {runtime_call nmethod}
  0x000001595ee6c3fc: e9fb ffff 

  0x000001595ee6c400: ;   {runtime_call handle_exception_from_callee Runtime1 stub}
  0x000001595ee6c400: ffe8 fa3d 

  0x000001595ee6c404: ;   {external_word}
  0x000001595ee6c404: 2907 48b9 | 2053 f96e | fc7f 0000 | 4883 e4f0 

  0x000001595ee6c414: ;   {runtime_call}
  0x000001595ee6c414: 48b8 90b7 | bb6e fc7f | 0000 ffd0 

  0x000001595ee6c420: ;   {section_word}
  0x000001595ee6c420: f449 ba21 | c4e6 5e59 | 0100 0041 

  0x000001595ee6c42c: ;   {runtime_call DeoptimizationBlob}
  0x000001595ee6c42c: 52e9 6e79 | 2707 f4f4 | f4f4 f4f4 
[/MachCode]


Compiled method (c1) 8052 2130   !   3       org.eclipse.osgi.internal.loader.classpath.ClasspathManager::defineClass (636 bytes)
 total in heap  [0x000001595ef35510,0x000001595ef3a3b8] = 20136
 relocation     [0x000001595ef35670,0x000001595ef35aa8] = 1080
 main code      [0x000001595ef35ac0,0x000001595ef38c88] = 12744
 stub code      [0x000001595ef38c88,0x000001595ef38ee0] = 600
 oops           [0x000001595ef38ee0,0x000001595ef38ee8] = 8
 metadata       [0x000001595ef38ee8,0x000001595ef38f38] = 80
 scopes data    [0x000001595ef38f38,0x000001595ef397d8] = 2208
 scopes pcs     [0x000001595ef397d8,0x000001595ef39da8] = 1488
 dependencies   [0x000001595ef39da8,0x000001595ef39dc0] = 24
 handler table  [0x000001595ef39dc0,0x000001595ef3a2b8] = 1272
 nul chk table  [0x000001595ef3a2b8,0x000001595ef3a3b8] = 256

[Constant Pool (empty)]

[MachCode]
[Entry Point]
  # {method} {0x000001597368da58} 'defineClass' '(Ljava/lang/String;[BLorg/eclipse/osgi/internal/loader/classpath/ClasspathEntry;Lorg/eclipse/osgi/storage/bundlefile/BundleEntry;Ljava/util/List;)Ljava/lang/Class;' in 'org/eclipse/osgi/internal/loader/classpath/ClasspathManager'
  # this:     rdx:rdx   = 'org/eclipse/osgi/internal/loader/classpath/ClasspathManager'
  # parm0:    r8:r8     = 'java/lang/String'
  # parm1:    r9:r9     = '[B'
  # parm2:    rdi:rdi   = 'org/eclipse/osgi/internal/loader/classpath/ClasspathEntry'
  # parm3:    rsi:rsi   = 'org/eclipse/osgi/storage/bundlefile/BundleEntry'
  # parm4:    rcx:rcx   = 'java/util/List'
  #           [sp+0x180]  (sp of caller)
  0x000001595ef35ac0: 448b 5208 | 49bb 0000 | 0000 5901 | 0000 4d03 | d34c 3bd0 

  0x000001595ef35ad4: ;   {runtime_call ic_miss_stub}
  0x000001595ef35ad4: 0f85 a689 | 1a07 660f | 1f44 0000 
[Verified Entry Point]
  0x000001595ef35ae0: 8984 2400 | 80ff ff55 | 4881 ec70 | 0100 0090 | 4181 7f20 | 0100 0000 

  0x000001595ef35af8: ;   {runtime_call StubRoutines (final stubs)}
  0x000001595ef35af8: 7405 e8e1 | 2e19 0748 | 8954 2478 | 4c89 8424 | 8800 0000 | 4c89 8c24 | 8000 0000 | 4889 bc24 
  0x000001595ef35b18: a000 0000 | 4889 b424 | 9800 0000 | 4889 8c24 | 9000 0000 

  0x000001595ef35b2c: ;   {metadata(method data for {method} {0x000001597368da58} 'defineClass' '(Ljava/lang/String;[BLorg/eclipse/osgi/internal/loader/classpath/ClasspathEntry;Lorg/eclipse/osgi/storage/bundlefile/BundleEntry;Ljava/util/List;)Ljava/lang/Class;' in 'org/eclipse/osgi/internal/loader/classpath/ClasspathManager')}
  0x000001595ef35b2c: 48bb b08e | ab73 5901 | 0000 8b83 | cc00 0000 | 83c0 0289 | 83cc 0000 | 0025 fe07 | 0000 85c0 
  0x000001595ef35b4c: 0f84 7c28 | 0000 488b 

  0x000001595ef35b54: ;   {metadata(method data for {method} {0x000001597368da58} 'defineClass' '(Ljava/lang/String;[BLorg/eclipse/osgi/internal/loader/classpath/ClasspathEntry;Lorg/eclipse/osgi/storage/bundlefile/BundleEntry;Ljava/util/List;)Ljava/lang/Class;' in 'org/eclipse/osgi/internal/loader/classpath/ClasspathManager')}
  0x000001595ef35b54: da48 b8b0 | 8eab 7359 | 0100 0048 | 8380 1001 | 0000 0149 | 8bd8 4c8b | c34c 8bcf | 4c8b da49 
  0x000001595ef35b74: ;   {optimized virtual_call}
  0x000001595ef35b74: 8bd3 90e8 

  0x000001595ef35b78: ; ImmutableOopMap {[120]=Oop [128]=Oop [136]=Oop [144]=Oop [152]=Oop [160]=Oop }
                      ;*invokespecial definePackage {reexecute=0 rethrow=0 return_oop=0}
                      ; - org.eclipse.osgi.internal.loader.classpath.ClasspathManager::defineClass@9 (line 733)
  0x000001595ef35b78: 0f33 0000 

  0x000001595ef35b7c: ;   {other}
  0x000001595ef35b7c: 0f1f 8400 | 6c06 0000 | 488b 5424 | 788b 7228 

  0x000001595ef35b8c: ; implicit exception: dispatches to 0x000001595ef383ef
  0x000001595ef35b8c: 483b 0648 

  0x000001595ef35b90: ;   {metadata(method data for {method} {0x000001597368da58} 'defineClass' '(Ljava/lang/String;[BLorg/eclipse/osgi/internal/loader/classpath/ClasspathEntry;Lorg/eclipse/osgi/storage/bundlefile/BundleEntry;Ljava/util/List;)Ljava/lang/Class;' in 'org/eclipse/osgi/internal/loader/classpath/ClasspathManager')}
  0x000001595ef35b90: 8bfe 48bb | b08e ab73 | 5901 0000 | 8b7f 0849 | ba00 0000 | 0059 0100 | 0049 03fa | 483b bb30 
  0x000001595ef35bb0: 0100 0075 | 0d48 8383 | 3801 0000 | 01e9 6000 | 0000 483b | bb40 0100 | 0075 0d48 | 8383 4801 
  0x000001595ef35bd0: 0000 01e9 | 4a00 0000 | 4883 bb30 | 0100 0000 | 7517 4889 | bb30 0100 | 0048 c783 | 3801 0000 
  0x000001595ef35bf0: 0100 0000 | e929 0000 | 0048 83bb | 4001 0000 | 0075 1748 | 89bb 4001 | 0000 48c7 | 8348 0100 
  0x000001595ef35c10: 0001 0000 | 00e9 0800 | 0000 4883 | 8320 0100 | 0001 488b | d648 b8d8 | 2212 0059 

  0x000001595ef35c2c: ;   {virtual_call}
  0x000001595ef35c2c: 0100 00e8 

  0x000001595ef35c30: ; ImmutableOopMap {[120]=Oop [128]=Oop [136]=Oop [144]=Oop [152]=Oop [160]=Oop }
                      ;*invokevirtual get {reexecute=0 rethrow=0 return_oop=0}
                      ; - org.eclipse.osgi.internal.loader.classpath.ClasspathManager::defineClass@16 (line 734)
  0x000001595ef35c30: 8c96 f3ff 

  0x000001595ef35c34: ;   {other}
  0x000001595ef35c34: 0f1f 8400 | 2407 0001 | 4885 c075 

  0x000001595ef35c40: ;   {metadata(method data for {method} {0x000001597368da58} 'defineClass' '(Ljava/lang/String;[BLorg/eclipse/osgi/internal/loader/classpath/ClasspathEntry;Lorg/eclipse/osgi/storage/bundlefile/BundleEntry;Ljava/util/List;)Ljava/lang/Class;' in 'org/eclipse/osgi/internal/loader/classpath/ClasspathManager')}
  0x000001595ef35c40: 1648 bfb0 | 8eab 7359 | 0100 0080 | 8f51 0100 | 0001 e9cc 

  0x000001595ef35c54: ;   {metadata('org/eclipse/osgi/internal/loader/classpath/ClasspathManager$DefineContext')}
  0x000001595ef35c54: 0000 0048 | bae8 8e11 | 0159 0100 | 008b 7008 | 49ba 0000 | 0000 5901 | 0000 4903 | f248 3bd6 
  0x000001595ef35c74: 0f85 8d00 

  0x000001595ef35c78: ;   {metadata(method data for {method} {0x000001597368da58} 'defineClass' '(Ljava/lang/String;[BLorg/eclipse/osgi/internal/loader/classpath/ClasspathEntry;Lorg/eclipse/osgi/storage/bundlefile/BundleEntry;Ljava/util/List;)Ljava/lang/Class;' in 'org/eclipse/osgi/internal/loader/classpath/ClasspathManager')}
  0x000001595ef35c78: 0000 48bf | b08e ab73 | 5901 0000 | 8b50 0849 | ba00 0000 | 0059 0100 | 0049 03d2 | 483b 9768 
  0x000001595ef35c98: 0100 0075 | 0d48 8387 | 7001 0000 | 01e9 7900 | 0000 483b | 9778 0100 | 0075 0d48 | 8387 8001 
  0x000001595ef35cb8: 0000 01e9 | 6300 0000 | 4883 bf68 | 0100 0000 | 7517 4889 | 9768 0100 | 0048 c787 | 7001 0000 
  0x000001595ef35cd8: 0100 0000 | e942 0000 | 0048 83bf | 7801 0000 | 0075 1748 | 8997 7801 | 0000 48c7 | 8780 0100 
  0x000001595ef35cf8: 0001 0000 | 00e9 2100 | 0000 e91c 

  0x000001595ef35d04: ;   {metadata(method data for {method} {0x000001597368da58} 'defineClass' '(Ljava/lang/String;[BLorg/eclipse/osgi/internal/loader/classpath/ClasspathEntry;Lorg/eclipse/osgi/storage/bundlefile/BundleEntry;Ljava/util/List;)Ljava/lang/Class;' in 'org/eclipse/osgi/internal/loader/classpath/ClasspathManager')}
  0x000001595ef35d04: 0000 0048 | bfb0 8eab | 7359 0100 | 0048 83af | 5801 0000 | 01e9 d626 | 0000 e900 | 0000 0048 
  0x000001595ef35d24: 8bd0 4885 

  0x000001595ef35d28: ;   {metadata(method data for {method} {0x000001597368da58} 'defineClass' '(Ljava/lang/String;[BLorg/eclipse/osgi/internal/loader/classpath/ClasspathEntry;Lorg/eclipse/osgi/storage/bundlefile/BundleEntry;Ljava/util/List;)Ljava/lang/Class;' in 'org/eclipse/osgi/internal/loader/classpath/ClasspathManager')}
  0x000001595ef35d28: d248 beb0 | 8eab 7359 | 0100 0048 | c7c7 9001 | 0000 7507 | 48c7 c7a0 | 0100 0048 | 8b04 3e48 
  0x000001595ef35d48: 8d40 0148 | 8904 3e0f | 85ff 0200 

  0x000001595ef35d54: ;   {metadata('org/eclipse/osgi/internal/loader/classpath/ClasspathManager$DefineContext')}
  0x000001595ef35d54: 0048 bae8 | 8e11 0159 | 0100 0049 | 8b87 b801 | 0000 488d | 7818 493b | bfc8 0100 | 000f 8786 
  0x000001595ef35d74: 2600 0049 | 89bf b801 | 0000 48c7 | 0001 0000 | 0048 8bca | 49ba 0000 | 0000 5901 | 0000 492b 
  0x000001595ef35d94: ca89 4808 | 4833 c989 | 480c 4833 | c948 8948 | 1048 8984 | 24b0 0000 | 0048 8bd0 

  0x000001595ef35db0: ;   {metadata(method data for {method} {0x000001597368da58} 'defineClass' '(Ljava/lang/String;[BLorg/eclipse/osgi/internal/loader/classpath/ClasspathEntry;Lorg/eclipse/osgi/storage/bundlefile/BundleEntry;Ljava/util/List;)Ljava/lang/Class;' in 'org/eclipse/osgi/internal/loader/classpath/ClasspathManager')}
  0x000001595ef35db0: 48be b08e | ab73 5901 | 0000 4883 | 86b0 0100 

  0x000001595ef35dc0: ;   {metadata(method data for {method} {0x000001597373c830} '<init>' '()V' in 'org/eclipse/osgi/internal/loader/classpath/ClasspathManager$DefineContext')}
  0x000001595ef35dc0: 0001 48ba | 687d ab73 | 5901 0000 | 8bb2 cc00 | 0000 83c6 | 0289 b2cc | 0000 0081 | e6fe ff1f 
  0x000001595ef35de0: 0085 f60f | 8421 2600 | 0048 8bd0 

  0x000001595ef35dec: ;   {metadata(method data for {method} {0x000001597373c830} '<init>' '()V' in 'org/eclipse/osgi/internal/loader/classpath/ClasspathManager$DefineContext')}
  0x000001595ef35dec: 48be 687d | ab73 5901 | 0000 4883 | 8610 0100 

  0x000001595ef35dfc: ;   {metadata(method data for {method} {0x0000015900476568} '<init>' '()V' in 'java/lang/Object')}
  0x000001595ef35dfc: 0001 48ba | 6067 0073 | 5901 0000 | 8bb2 cc00 | 0000 83c6 | 0289 b2cc | 0000 0081 | e6fe ff1f 
  0x000001595ef35e1c: 0085 f60f | 8406 2600 

  0x000001595ef35e24: ;   {metadata('java/util/ArrayList')}
  0x000001595ef35e24: 0048 bae8 | a20b 0059 | 0100 0049 | 8b87 b801 | 0000 488d | 7818 493b | bfc8 0100 | 000f 8705 
  0x000001595ef35e44: 2600 0049 | 89bf b801 | 0000 48c7 | 0001 0000 | 0048 8bca | 49ba 0000 | 0000 5901 | 0000 492b 
  0x000001595ef35e64: ca89 4808 | 4833 c989 | 480c 4833 | c948 8948 | 104c 8bc0 

  0x000001595ef35e78: ;   {metadata(method data for {method} {0x000001597373c830} '<init>' '()V' in 'org/eclipse/osgi/internal/loader/classpath/ClasspathManager$DefineContext')}
  0x000001595ef35e78: 48ba 687d | ab73 5901 | 0000 4883 | 8220 0100 | 0001 41b8 | 0500 0000 | 488b d048 | 8984 24a8 
  0x000001595ef35e98: 0000 000f 

  0x000001595ef35e9c: ;   {optimized virtual_call}
  0x000001595ef35e9c: 1f40 00e8 

  0x000001595ef35ea0: ; ImmutableOopMap {[120]=Oop [128]=Oop [136]=Oop [144]=Oop [152]=Oop [160]=Oop [168]=Oop [176]=Oop }
                      ;*invokespecial <init> {reexecute=0 rethrow=0 return_oop=0}
                      ; - org.eclipse.osgi.internal.loader.classpath.ClasspathManager$DefineContext::<init>@10 (line 705)
                      ; - org.eclipse.osgi.internal.loader.classpath.ClasspathManager::defineClass@33 (line 736)
  0x000001595ef35ea0: dc88 1a07 

  0x000001595ef35ea4: ;   {other}
  0x000001595ef35ea4: 0f1f 8400 | 9409 0002 | 488b 9424 | a800 0000 | 488b 8424 | b000 0000 | 4c8b d244 | 8950 0c48 
  0x000001595ef35ec4: 8d10 48c1 | ea09 48bb | 0000 f05a | 5901 0000 | c604 1a00 

  0x000001595ef35ed8: ;   {metadata('java/util/ArrayList')}
  0x000001595ef35ed8: 48ba e8a2 | 0b00 5901 | 0000 498b | 87b8 0100 | 0048 8d78 | 1849 3bbf | c801 0000 | 0f87 5f25 
  0x000001595ef35ef8: 0000 4989 | bfb8 0100 | 0048 c700 | 0100 0000 | 488b ca49 | ba00 0000 | 0059 0100 | 0049 2bca 
  0x000001595ef35f18: 8948 0848 | 33c9 8948 | 0c48 33c9 | 4889 4810 

  0x000001595ef35f28: ;   {metadata(method data for {method} {0x000001597373c830} '<init>' '()V' in 'org/eclipse/osgi/internal/loader/classpath/ClasspathManager$DefineContext')}
  0x000001595ef35f28: 4c8b c048 | ba68 7dab | 7359 0100 | 0048 8382 | 3001 0000 | 0141 b805 | 0000 0048 | 8bd0 4889 
  0x000001595ef35f48: 9c24 c000 | 0000 4889 | 8424 b800 

  0x000001595ef35f54: ;   {optimized virtual_call}
  0x000001595ef35f54: 0000 90e8 

  0x000001595ef35f58: ; ImmutableOopMap {[120]=Oop [128]=Oop [136]=Oop [144]=Oop [152]=Oop [160]=Oop [176]=Oop [184]=Oop }
                      ;*invokespecial <init> {reexecute=0 rethrow=0 return_oop=0}
                      ; - org.eclipse.osgi.internal.loader.classpath.ClasspathManager$DefineContext::<init>@22 (line 706)
                      ; - org.eclipse.osgi.internal.loader.classpath.ClasspathManager::defineClass@33 (line 736)
  0x000001595ef35f58: 2488 1a07 

  0x000001595ef35f5c: ;   {other}
  0x000001595ef35f5c: 0f1f 8400 | 4c0a 0003 | 4c8b 8424 | b800 0000 | 488b 8424 | b000 0000 | 4d8b d044 | 8950 104c 
  0x000001595ef35f7c: 8d00 49c1 | e809 488b | 9c24 c000 | 0000 41c6 | 0418 0048 | 8b54 2478 | 8b72 2848 | 3b06 4c8b 
  0x000001595ef35f9c: ;   {metadata(method data for {method} {0x000001597368da58} 'defineClass' '(Ljava/lang/String;[BLorg/eclipse/osgi/internal/loader/classpath/ClasspathEntry;Lorg/eclipse/osgi/storage/bundlefile/BundleEntry;Ljava/util/List;)Ljava/lang/Class;' in 'org/eclipse/osgi/internal/loader/classpath/ClasspathManager')}
  0x000001595ef35f9c: c648 bfb0 | 8eab 7359 | 0100 0045 | 8b40 0849 | ba00 0000 | 0059 0100 | 004d 03c2 | 4c3b 87d0 
  0x000001595ef35fbc: 0100 0075 | 0d48 8387 | d801 0000 | 01e9 6000 | 0000 4c3b | 87e0 0100 | 0075 0d48 | 8387 e801 
  0x000001595ef35fdc: 0000 01e9 | 4a00 0000 | 4883 bfd0 | 0100 0000 | 7517 4c89 | 87d0 0100 | 0048 c787 | d801 0000 
  0x000001595ef35ffc: 0100 0000 | e929 0000 | 0048 83bf | e001 0000 | 0075 174c | 8987 e001 | 0000 48c7 | 87e8 0100 
  0x000001595ef3601c: 0001 0000 | 00e9 0800 | 0000 4883 | 87c0 0100 | 0001 4c8b | c048 8bd6 | 9048 b8ff | ffff ffff 
  0x000001595ef3603c: ;   {virtual_call}
  0x000001595ef3603c: ffff ffe8 

  0x000001595ef36040: ; ImmutableOopMap {[120]=Oop [128]=Oop [136]=Oop [144]=Oop [152]=Oop [160]=Oop [176]=Oop }
                      ;*invokevirtual set {reexecute=0 rethrow=0 return_oop=0}
                      ; - org.eclipse.osgi.internal.loader.classpath.ClasspathManager::defineClass@44 (line 737)
  0x000001595ef36040: 3c8a 1a07 

  0x000001595ef36044: ;   {other}
  0x000001595ef36044: 0f1f 8400 | 340b 0004 | 488b 9424 | b000 0000 | 488b 7424 | 7844 8b46 | 1449 3b00 

  0x000001595ef36060: ;   {metadata(method data for {method} {0x000001597368da58} 'defineClass' '(Ljava/lang/String;[BLorg/eclipse/osgi/internal/loader/classpath/ClasspathEntry;Lorg/eclipse/osgi/storage/bundlefile/BundleEntry;Ljava/util/List;)Ljava/lang/Class;' in 'org/eclipse/osgi/internal/loader/classpath/ClasspathManager')}
  0x000001595ef36060: 498b f848 | bbb0 8eab | 7359 0100 | 0048 8383 | f801 0000 | 0145 8b40 | 1049 3b00 

  0x000001595ef3607c: ;   {metadata(method data for {method} {0x000001597368da58} 'defineClass' '(Ljava/lang/String;[BLorg/eclipse/osgi/internal/loader/classpath/ClasspathEntry;Lorg/eclipse/osgi/storage/bundlefile/BundleEntry;Ljava/util/List;)Ljava/lang/Class;' in 'org/eclipse/osgi/internal/loader/classpath/ClasspathManager')}
  0x000001595ef3607c: 498b f848 | bbb0 8eab | 7359 0100 | 0048 8383 | 4802 0000 | 0145 0fbe | 400d 4183 | e001 4585 
  0x000001595ef3609c: ;   {metadata(method data for {method} {0x000001597368da58} 'defineClass' '(Ljava/lang/String;[BLorg/eclipse/osgi/internal/loader/classpath/ClasspathEntry;Lorg/eclipse/osgi/storage/bundlefile/BundleEntry;Ljava/util/List;)Ljava/lang/Class;' in 'org/eclipse/osgi/internal/loader/classpath/ClasspathManager')}
  0x000001595ef3609c: c049 b8b0 | 8eab 7359 | 0100 0048 | c7c7 7802 | 0000 7407 | 48c7 c768 | 0200 0049 | 8b1c 3848 
  0x000001595ef360bc: 8d5b 0149 | 891c 380f | 841d 0000 | 004c 8b8c | 2480 0000 | 004c 898c | 24e8 0000 | 0048 8994 
  0x000001595ef360dc: 24c8 0000 | 00e9 fe07 | 0000 8b7a | 0c48 3b07 

  0x000001595ef360ec: ;   {metadata(method data for {method} {0x000001597368da58} 'defineClass' '(Ljava/lang/String;[BLorg/eclipse/osgi/internal/loader/classpath/ClasspathEntry;Lorg/eclipse/osgi/storage/bundlefile/BundleEntry;Ljava/util/List;)Ljava/lang/Class;' in 'org/eclipse/osgi/internal/loader/classpath/ClasspathManager')}
  0x000001595ef360ec: 4c8b c748 | bbb0 8eab | 7359 0100 | 0045 8b40 | 0849 ba00 | 0000 0059 | 0100 004d | 03c2 4c3b 
  0x000001595ef3610c: 8398 0200 | 0075 0d48 | 8383 a002 | 0000 01e9 | 6000 0000 | 4c3b 83a8 | 0200 0075 | 0d48 8383 
  0x000001595ef3612c: b002 0000 | 01e9 4a00 | 0000 4883 | bb98 0200 | 0000 7517 | 4c89 8398 | 0200 0048 | c783 a002 
  0x000001595ef3614c: 0000 0100 | 0000 e929 | 0000 0048 | 83bb a802 | 0000 0075 | 174c 8983 | a802 0000 | 48c7 83b0 
  0x000001595ef3616c: 0200 0001 | 0000 00e9 | 0800 0000 | 4883 8388 | 0200 0001 | 4c8b 8424 | 8800 0000 | 4889 9424 
  0x000001595ef3618c: c800 0000 | 488b d766 | 9048 b8ff | ffff ffff 

  0x000001595ef3619c: ;   {virtual_call}
  0x000001595ef3619c: ffff ffe8 

  0x000001595ef361a0: ; ImmutableOopMap {[120]=Oop [128]=Oop [136]=Oop [144]=Oop [152]=Oop [160]=Oop [200]=Oop }
                      ;*invokeinterface contains {reexecute=0 rethrow=0 return_oop=0}
                      ; - org.eclipse.osgi.internal.loader.classpath.ClasspathManager::defineClass@66 (line 744)
  0x000001595ef361a0: dc88 1a07 

  0x000001595ef361a4: ;   {other}
  0x000001595ef361a4: 0f1f 8400 | 940c 0005 

  0x000001595ef361ac: ;   {metadata(method data for {method} {0x000001597368da58} 'defineClass' '(Ljava/lang/String;[BLorg/eclipse/osgi/internal/loader/classpath/ClasspathEntry;Lorg/eclipse/osgi/storage/bundlefile/BundleEntry;Ljava/util/List;)Ljava/lang/Class;' in 'org/eclipse/osgi/internal/loader/classpath/ClasspathManager')}
  0x000001595ef361ac: 85c0 49b8 | b08e ab73 | 5901 0000 | 48c7 c2d0 | 0200 0075 | 0748 c7c2 | c002 0000 | 498b 3410 
  0x000001595ef361cc: 488d 7601 | 4989 3410 | 0f85 5f1a | 0000 488b | 9424 c800 | 0000 8b72 | 0c48 3b06 

  0x000001595ef361e8: ;   {metadata(method data for {method} {0x000001597368da58} 'defineClass' '(Ljava/lang/String;[BLorg/eclipse/osgi/internal/loader/classpath/ClasspathEntry;Lorg/eclipse/osgi/storage/bundlefile/BundleEntry;Ljava/util/List;)Ljava/lang/Class;' in 'org/eclipse/osgi/internal/loader/classpath/ClasspathManager')}
  0x000001595ef361e8: 4c8b c648 | bfb0 8eab | 7359 0100 | 0045 8b40 | 0849 ba00 | 0000 0059 | 0100 004d | 03c2 4c3b 
  0x000001595ef36208: 87b8 0400 | 0075 0d48 | 8387 c004 | 0000 01e9 | 6000 0000 | 4c3b 87c8 | 0400 0075 | 0d48 8387 
  0x000001595ef36228: d004 0000 | 01e9 4a00 | 0000 4883 | bfb8 0400 | 0000 7517 | 4c89 87b8 | 0400 0048 | c787 c004 
  0x000001595ef36248: 0000 0100 | 0000 e929 | 0000 0048 | 83bf c804 | 0000 0075 | 174c 8987 | c804 0000 | 48c7 87d0 
  0x000001595ef36268: 0400 0001 | 0000 00e9 | 0800 0000 | 4883 87a8 | 0400 0001 | 4c8b 8424 | 8800 0000 | 4889 9424 
  0x000001595ef36288: c800 0000 | 488b d666 | 0f1f 4400 | 0048 b8ff | ffff ffff 

  0x000001595ef3629c: ;   {virtual_call}
  0x000001595ef3629c: ffff ffe8 

  0x000001595ef362a0: ; ImmutableOopMap {[120]=Oop [128]=Oop [136]=Oop [144]=Oop [152]=Oop [160]=Oop [200]=Oop }
                      ;*invokeinterface add {reexecute=0 rethrow=0 return_oop=0}
                      ; - org.eclipse.osgi.internal.loader.classpath.ClasspathManager::defineClass@161 (line 750)
  0x000001595ef362a0: dc87 1a07 

  0x000001595ef362a4: ;   {other}
  0x000001595ef362a4: 0f1f 8400 | 940d 0006 | 488b 8c24 | 9000 0000 

  0x000001595ef362b4: ; implicit exception: dispatches to 0x000001595ef38484
  0x000001595ef362b4: 483b 0148 

  0x000001595ef362b8: ;   {metadata(method data for {method} {0x000001597368da58} 'defineClass' '(Ljava/lang/String;[BLorg/eclipse/osgi/internal/loader/classpath/ClasspathEntry;Lorg/eclipse/osgi/storage/bundlefile/BundleEntry;Ljava/util/List;)Ljava/lang/Class;' in 'org/eclipse/osgi/internal/loader/classpath/ClasspathManager')}
  0x000001595ef362b8: 8bd1 48be | b08e ab73 | 5901 0000 | 8b52 0849 | ba00 0000 | 0059 0100 | 0049 03d2 | 483b 96f0 
  0x000001595ef362d8: 0400 0075 | 0d48 8386 | f804 0000 | 01e9 6000 | 0000 483b | 9600 0500 | 0075 0d48 | 8386 0805 
  0x000001595ef362f8: 0000 01e9 | 4a00 0000 | 4883 bef0 | 0400 0000 | 7517 4889 | 96f0 0400 | 0048 c786 | f804 0000 
  0x000001595ef36318: 0100 0000 | e929 0000 | 0048 83be | 0005 0000 | 0075 1748 | 8996 0005 | 0000 48c7 | 8608 0500 
  0x000001595ef36338: 0001 0000 | 00e9 0800 | 0000 4883 | 86e0 0400 | 0001 488b | d148 b8ff | ffff ffff 

  0x000001595ef36354: ;   {virtual_call}
  0x000001595ef36354: ffff ffe8 

  0x000001595ef36358: ; ImmutableOopMap {[120]=Oop [128]=Oop [136]=Oop [144]=Oop [152]=Oop [160]=Oop [200]=Oop }
                      ;*invokeinterface iterator {reexecute=0 rethrow=0 return_oop=0}
                      ; - org.eclipse.osgi.internal.loader.classpath.ClasspathManager::defineClass@169 (line 753)
  0x000001595ef36358: 2487 1a07 

  0x000001595ef3635c: ;   {other}
  0x000001595ef3635c: 0f1f 8400 | 4c0e 0007 | 4889 8424 | d000 0000 

  0x000001595ef3636c: ;   {metadata(method data for {method} {0x000001597368da58} 'defineClass' '(Ljava/lang/String;[BLorg/eclipse/osgi/internal/loader/classpath/ClasspathEntry;Lorg/eclipse/osgi/storage/bundlefile/BundleEntry;Ljava/util/List;)Ljava/lang/Class;' in 'org/eclipse/osgi/internal/loader/classpath/ClasspathManager')}
  0x000001595ef3636c: 48ba b08e | ab73 5901 | 0000 ff82 | 1805 0000 | 4c8b 8c24 | 8000 0000 | 4c89 8c24 | d800 0000 
  0x000001595ef3638c: e926 0300 | 000f 1f80 | 0000 0000 | 488b 8424 | d000 0000 

  0x000001595ef363a0: ;   {metadata(method data for {method} {0x000001597368da58} 'defineClass' '(Ljava/lang/String;[BLorg/eclipse/osgi/internal/loader/classpath/ClasspathEntry;Lorg/eclipse/osgi/storage/bundlefile/BundleEntry;Ljava/util/List;)Ljava/lang/Class;' in 'org/eclipse/osgi/internal/loader/classpath/ClasspathManager')}
  0x000001595ef363a0: 48ba b08e | ab73 5901 | 0000 8b40 | 0849 ba00 | 0000 0059 | 0100 0049 | 03c2 483b | 8240 0500 
  0x000001595ef363c0: 0075 0d48 | 8382 4805 | 0000 01e9 | 6000 0000 | 483b 8250 | 0500 0075 | 0d48 8382 | 5805 0000 
  0x000001595ef363e0: 01e9 4a00 | 0000 4883 | ba40 0500 | 0000 7517 | 4889 8240 | 0500 0048 | c782 4805 | 0000 0100 
  0x000001595ef36400: 0000 e929 | 0000 0048 | 83ba 5005 | 0000 0075 | 1748 8982 | 5005 0000 | 48c7 8258 | 0500 0001 
  0x000001595ef36420: 0000 00e9 | 0800 0000 | 4883 8230 | 0500 0001 | 488b 9424 | d000 0000 | 0f1f 4400 | 0048 b8ff 
  0x000001595ef36440: ffff ffff 

  0x000001595ef36444: ;   {virtual_call}
  0x000001595ef36444: ffff ffe8 

  0x000001595ef36448: ; ImmutableOopMap {[120]=Oop [136]=Oop [144]=Oop [152]=Oop [160]=Oop [200]=Oop [208]=Oop [216]=Oop }
                      ;*invokeinterface next {reexecute=0 rethrow=0 return_oop=0}
                      ; - org.eclipse.osgi.internal.loader.classpath.ClasspathManager::defineClass@181 (line 753)
  0x000001595ef36448: 3486 1a07 

  0x000001595ef3644c: ;   {other}
  0x000001595ef3644c: 0f1f 8400 | 3c0f 0008 | 4885 c075 

  0x000001595ef36458: ;   {metadata(method data for {method} {0x000001597368da58} 'defineClass' '(Ljava/lang/String;[BLorg/eclipse/osgi/internal/loader/classpath/ClasspathEntry;Lorg/eclipse/osgi/storage/bundlefile/BundleEntry;Ljava/util/List;)Ljava/lang/Class;' in 'org/eclipse/osgi/internal/loader/classpath/ClasspathManager')}
  0x000001595ef36458: 1648 bfb0 | 8eab 7359 | 0100 0080 | 8f61 0500 | 0001 e9cd 

  0x000001595ef3646c: ;   {metadata('org/eclipse/osgi/internal/hookregistry/ClassLoaderHook')}
  0x000001595ef3646c: 0000 0048 | bb78 eb08 | 0159 0100 | 008b 7808 | 49ba 0000 | 0000 5901 | 0000 4903 | fa48 3b5f 
  0x000001595ef3648c: 380f 858d 

  0x000001595ef36490: ;   {metadata(method data for {method} {0x000001597368da58} 'defineClass' '(Ljava/lang/String;[BLorg/eclipse/osgi/internal/loader/classpath/ClasspathEntry;Lorg/eclipse/osgi/storage/bundlefile/BundleEntry;Ljava/util/List;)Ljava/lang/Class;' in 'org/eclipse/osgi/internal/loader/classpath/ClasspathManager')}
  0x000001595ef36490: 0000 0048 | bfb0 8eab | 7359 0100 | 008b 5808 | 49ba 0000 | 0000 5901 | 0000 4903 | da48 3b9f 
  0x000001595ef364b0: 7805 0000 | 750d 4883 | 8780 0500 | 0001 e979 | 0000 0048 | 3b9f 8805 | 0000 750d | 4883 8790 
  0x000001595ef364d0: 0500 0001 | e963 0000 | 0048 83bf | 7805 0000 | 0075 1748 | 899f 7805 | 0000 48c7 | 8780 0500 
  0x000001595ef364f0: 0001 0000 | 00e9 4200 | 0000 4883 | bf88 0500 | 0000 7517 | 4889 9f88 | 0500 0048 | c787 9005 
  0x000001595ef36510: 0000 0100 | 0000 e921 | 0000 00e9 | 1c00 0000 

  0x000001595ef36520: ;   {metadata(method data for {method} {0x000001597368da58} 'defineClass' '(Ljava/lang/String;[BLorg/eclipse/osgi/internal/loader/classpath/ClasspathEntry;Lorg/eclipse/osgi/storage/bundlefile/BundleEntry;Ljava/util/List;)Ljava/lang/Class;' in 'org/eclipse/osgi/internal/loader/classpath/ClasspathManager')}
  0x000001595ef36520: 48bf b08e | ab73 5901 | 0000 4883 | af68 0500 | 0001 e952 | 1f00 00e9 | 0000 0000 | 488b f048 
  0x000001595ef36540: 3b06 488b 

  0x000001595ef36544: ;   {metadata(method data for {method} {0x000001597368da58} 'defineClass' '(Ljava/lang/String;[BLorg/eclipse/osgi/internal/loader/classpath/ClasspathEntry;Lorg/eclipse/osgi/storage/bundlefile/BundleEntry;Ljava/util/List;)Ljava/lang/Class;' in 'org/eclipse/osgi/internal/loader/classpath/ClasspathManager')}
  0x000001595ef36544: d648 bfb0 | 8eab 7359 | 0100 008b | 5208 49ba | 0000 0000 | 5901 0000 | 4903 d248 | 3b97 b005 
  0x000001595ef36564: 0000 750d | 4883 87b8 | 0500 0001 | e960 0000 | 0048 3b97 | c005 0000 | 750d 4883 | 87c8 0500 
  0x000001595ef36584: 0001 e94a | 0000 0048 | 83bf b005 | 0000 0075 | 1748 8997 | b005 0000 | 48c7 87b8 | 0500 0001 
  0x000001595ef365a4: 0000 00e9 | 2900 0000 | 4883 bfc0 | 0500 0000 | 7517 4889 | 97c0 0500 | 0048 c787 | c805 0000 
  0x000001595ef365c4: 0100 0000 | e908 0000 | 0048 8387 | a005 0000 | 0148 8bd6 | 4889 b424 | e000 0000 | 0f1f 4400 
  0x000001595ef365e4: 0048 b8ff | ffff ffff 

  0x000001595ef365ec: ;   {virtual_call}
  0x000001595ef365ec: ffff ffe8 

  0x000001595ef365f0: ; ImmutableOopMap {[120]=Oop [136]=Oop [144]=Oop [152]=Oop [160]=Oop [200]=Oop [208]=Oop [216]=Oop [224]=Oop }
                      ;*invokevirtual isProcessClassRecursionSupported {reexecute=0 rethrow=0 return_oop=0}
                      ; - org.eclipse.osgi.internal.loader.classpath.ClasspathManager::defineClass@193 (line 754)
  0x000001595ef365f0: 8c84 1a07 

  0x000001595ef365f4: ;   {other}
  0x000001595ef365f4: 0f1f 8400 | e410 0009 

  0x000001595ef365fc: ;   {metadata(method data for {method} {0x000001597368da58} 'defineClass' '(Ljava/lang/String;[BLorg/eclipse/osgi/internal/loader/classpath/ClasspathEntry;Lorg/eclipse/osgi/storage/bundlefile/BundleEntry;Ljava/util/List;)Ljava/lang/Class;' in 'org/eclipse/osgi/internal/loader/classpath/ClasspathManager')}
  0x000001595ef365fc: 85c0 49b8 | b08e ab73 | 5901 0000 | 49c7 c1e8 | 0500 0074 | 0749 c7c1 | d805 0000 | 4b8b 3c08 
  0x000001595ef3661c: 488d 7f01 | 4b89 3c08 | 0f84 0d00 | 0000 488b | 8424 d000 | 0000 e980 | 0000 0048 | 8bb4 24e0 
  0x000001595ef3663c: 0000 0048 | 8b8c 2490 | 0000 0048 | 8b54 2478 

  0x000001595ef3664c: ;   {metadata(method data for {method} {0x000001597368da58} 'defineClass' '(Ljava/lang/String;[BLorg/eclipse/osgi/internal/loader/classpath/ClasspathEntry;Lorg/eclipse/osgi/storage/bundlefile/BundleEntry;Ljava/util/List;)Ljava/lang/Class;' in 'org/eclipse/osgi/internal/loader/classpath/ClasspathManager')}
  0x000001595ef3664c: 4c8b c249 | b9b0 8eab | 7359 0100 | 0049 8381 | f805 0000 | 014c 8bc6 | 4c8b 8c24 | 8800 0000 
  0x000001595ef3666c: 488b bc24 | d800 0000 | 488b b424 | a000 0000 | 488b d948 | 8b8c 2498 | 0000 0048 | 8914 2448 
  0x000001595ef3668c: 895c 2408 | 488b c248 

  0x000001595ef36694: ;   {optimized virtual_call}
  0x000001595ef36694: 8bd0 90e8 

  0x000001595ef36698: ; ImmutableOopMap {[120]=Oop [136]=Oop [144]=Oop [152]=Oop [160]=Oop [200]=Oop [208]=Oop [216]=Oop }
                      ;*invokespecial processClass {reexecute=0 rethrow=0 return_oop=0}
                      ; - org.eclipse.osgi.internal.loader.classpath.ClasspathManager::defineClass@210 (line 755)
  0x000001595ef36698: e480 1a07 

  0x000001595ef3669c: ;   {other}
  0x000001595ef3669c: 0f1f 8400 | 8c11 000a | 4c8b c84c | 898c 24d8 | 0000 0048 | 8b84 24d0 | 0000 0048 | 3b00 488b 
  0x000001595ef366bc: ;   {metadata(method data for {method} {0x000001597368da58} 'defineClass' '(Ljava/lang/String;[BLorg/eclipse/osgi/internal/loader/classpath/ClasspathEntry;Lorg/eclipse/osgi/storage/bundlefile/BundleEntry;Ljava/util/List;)Ljava/lang/Class;' in 'org/eclipse/osgi/internal/loader/classpath/ClasspathManager')}
  0x000001595ef366bc: d849 bbb0 | 8eab 7359 | 0100 008b | 5b08 49ba | 0000 0000 | 5901 0000 | 4903 da49 | 3b9b 1806 
  0x000001595ef366dc: 0000 750d | 4983 8320 | 0600 0001 | e960 0000 | 0049 3b9b | 2806 0000 | 750d 4983 | 8330 0600 
  0x000001595ef366fc: 0001 e94a | 0000 0049 | 83bb 1806 | 0000 0075 | 1749 899b | 1806 0000 | 49c7 8320 | 0600 0001 
  0x000001595ef3671c: 0000 00e9 | 2900 0000 | 4983 bb28 | 0600 0000 | 7517 4989 | 9b28 0600 | 0049 c783 | 3006 0000 
  0x000001595ef3673c: 0100 0000 | e908 0000 | 0049 8383 | 0806 0000 | 0148 8bd0 | 0f1f 4400 | 0048 b8ff | ffff ffff 
  0x000001595ef3675c: ;   {virtual_call}
  0x000001595ef3675c: ffff ffe8 

  0x000001595ef36760: ; ImmutableOopMap {[120]=Oop [136]=Oop [144]=Oop [152]=Oop [160]=Oop [200]=Oop [208]=Oop [216]=Oop }
                      ;*invokeinterface hasNext {reexecute=0 rethrow=0 return_oop=0}
                      ; - org.eclipse.osgi.internal.loader.classpath.ClasspathManager::defineClass@216 (line 753)
  0x000001595ef36760: 1c83 1a07 

  0x000001595ef36764: ;   {other}
  0x000001595ef36764: 0f1f 8400 | 5412 000b | 85c0 ba02 | 0000 0075 | 05ba 0000 

  0x000001595ef36778: ;   {metadata(method data for {method} {0x000001597368da58} 'defineClass' '(Ljava/lang/String;[BLorg/eclipse/osgi/internal/loader/classpath/ClasspathEntry;Lorg/eclipse/osgi/storage/bundlefile/BundleEntry;Ljava/util/List;)Ljava/lang/Class;' in 'org/eclipse/osgi/internal/loader/classpath/ClasspathManager')}
  0x000001595ef36778: 0000 48be | b08e ab73 | 5901 0000 | 8bbe d000 | 0000 03fa | 89be d000 | 0000 85d2 | 7505 bf02 
  0x000001595ef36798: 0000 0081 | e7fe 3f00 | 0085 ff0f | 84f3 1c00 | 004d 8b97 

  0x000001595ef367ac: ; ImmutableOopMap {[120]=Oop [136]=Oop [144]=Oop [152]=Oop [160]=Oop [200]=Oop [208]=Oop [216]=Oop }
                      ;*ifne {reexecute=1 rethrow=0 return_oop=0}
                      ; - (reexecute) org.eclipse.osgi.internal.loader.classpath.ClasspathManager::defineClass@221 (line 753)
  0x000001595ef367ac: 5004 0000 

  0x000001595ef367b0: ;   {poll}
  0x000001595ef367b0: 4185 0285 

  0x000001595ef367b4: ;   {metadata(method data for {method} {0x000001597368da58} 'defineClass' '(Ljava/lang/String;[BLorg/eclipse/osgi/internal/loader/classpath/ClasspathEntry;Lorg/eclipse/osgi/storage/bundlefile/BundleEntry;Ljava/util/List;)Ljava/lang/Class;' in 'org/eclipse/osgi/internal/loader/classpath/ClasspathManager')}
  0x000001595ef367b4: c048 bab0 | 8eab 7359 | 0100 0048 | c7c6 4006 | 0000 7507 | 48c7 c650 | 0600 0048 | 8b3c 3248 
  0x000001595ef367d4: 8d7f 0148 | 893c 320f | 85b7 fbff | ff4c 8b8c | 24d8 0000 

  0x000001595ef367e8: ;   {metadata(method data for {method} {0x000001597368da58} 'defineClass' '(Ljava/lang/String;[BLorg/eclipse/osgi/internal/loader/classpath/ClasspathEntry;Lorg/eclipse/osgi/storage/bundlefile/BundleEntry;Ljava/util/List;)Ljava/lang/Class;' in 'org/eclipse/osgi/internal/loader/classpath/ClasspathManager')}
  0x000001595ef367e8: 0049 b8b0 | 8eab 7359 | 0100 0041 | ff80 6006 | 0000 4c89 | 8c24 d800 | 0000 488b | 9424 c800 
  0x000001595ef36808: 0000 8b72 | 0c48 3b06 

  0x000001595ef36810: ;   {metadata(method data for {method} {0x000001597368da58} 'defineClass' '(Ljava/lang/String;[BLorg/eclipse/osgi/internal/loader/classpath/ClasspathEntry;Lorg/eclipse/osgi/storage/bundlefile/BundleEntry;Ljava/util/List;)Ljava/lang/Class;' in 'org/eclipse/osgi/internal/loader/classpath/ClasspathManager')}
  0x000001595ef36810: 4c8b c648 | bfb0 8eab | 7359 0100 | 0045 8b40 | 0849 ba00 | 0000 0059 | 0100 004d | 03c2 4c3b 
  0x000001595ef36830: 87c0 0600 | 0075 0d48 | 8387 c806 | 0000 01e9 | 6000 0000 | 4c3b 87d0 | 0600 0075 | 0d48 8387 
  0x000001595ef36850: d806 0000 | 01e9 4a00 | 0000 4883 | bfc0 0600 | 0000 7517 | 4c89 87c0 | 0600 0048 | c787 c806 
  0x000001595ef36870: 0000 0100 | 0000 e929 | 0000 0048 | 83bf d006 | 0000 0075 | 174c 8987 | d006 0000 | 48c7 87d8 
  0x000001595ef36890: 0600 0001 | 0000 00e9 | 0800 0000 | 4883 87b0 | 0600 0001 | 4c8b 8424 | 8800 0000 | 4889 9424 
  0x000001595ef368b0: c800 0000 | 488b d666 | 0f1f 4400 | 0048 b8ff | ffff ffff 

  0x000001595ef368c4: ;   {virtual_call}
  0x000001595ef368c4: ffff ffe8 

  0x000001595ef368c8: ; ImmutableOopMap {[120]=Oop [136]=Oop [144]=Oop [152]=Oop [160]=Oop [200]=Oop [216]=Oop }
                      ;*invokeinterface remove {reexecute=0 rethrow=0 return_oop=0}
                      ; - org.eclipse.osgi.internal.loader.classpath.ClasspathManager::defineClass@250 (line 759)
  0x000001595ef368c8: b481 1a07 

  0x000001595ef368cc: ;   {other}
  0x000001595ef368cc: 0f1f 8400 | bc13 000d | 4c8b 8c24 | d800 0000 | 4c89 8c24 | e800 0000 | 488b 8c24 | 9000 0000 
  0x000001595ef368ec: ; implicit exception: dispatches to 0x000001595ef384c2
  0x000001595ef368ec: 483b 0148 

  0x000001595ef368f0: ;   {metadata(method data for {method} {0x000001597368da58} 'defineClass' '(Ljava/lang/String;[BLorg/eclipse/osgi/internal/loader/classpath/ClasspathEntry;Lorg/eclipse/osgi/storage/bundlefile/BundleEntry;Ljava/util/List;)Ljava/lang/Class;' in 'org/eclipse/osgi/internal/loader/classpath/ClasspathManager')}
  0x000001595ef368f0: 8bd1 48be | b08e ab73 | 5901 0000 | 8b52 0849 | ba00 0000 | 0059 0100 | 0049 03d2 | 483b 96f8 
  0x000001595ef36910: 0600 0075 | 0d48 8386 | 0007 0000 | 01e9 6000 | 0000 483b | 9608 0700 | 0075 0d48 | 8386 1007 
  0x000001595ef36930: 0000 01e9 | 4a00 0000 | 4883 bef8 | 0600 0000 | 7517 4889 | 96f8 0600 | 0048 c786 | 0007 0000 
  0x000001595ef36950: 0100 0000 | e929 0000 | 0048 83be | 0807 0000 | 0075 1748 | 8996 0807 | 0000 48c7 | 8610 0700 
  0x000001595ef36970: 0001 0000 | 00e9 0800 | 0000 4883 | 86e8 0600 | 0001 488b | d148 b890 | bc1c 0059 

  0x000001595ef3698c: ;   {virtual_call}
  0x000001595ef3698c: 0100 00e8 

  0x000001595ef36990: ; ImmutableOopMap {[120]=Oop [136]=Oop [144]=Oop [152]=Oop [160]=Oop [200]=Oop [232]=Oop }
                      ;*invokeinterface iterator {reexecute=0 rethrow=0 return_oop=0}
                      ; - org.eclipse.osgi.internal.loader.classpath.ClasspathManager::defineClass@258 (line 764)
  0x000001595ef36990: 0c06 7907 

  0x000001595ef36994: ;   {other}
  0x000001595ef36994: 0f1f 8400 | 8414 000e | 4889 8424 | f000 0000 

  0x000001595ef369a4: ;   {metadata(method data for {method} {0x000001597368da58} 'defineClass' '(Ljava/lang/String;[BLorg/eclipse/osgi/internal/loader/classpath/ClasspathEntry;Lorg/eclipse/osgi/storage/bundlefile/BundleEntry;Ljava/util/List;)Ljava/lang/Class;' in 'org/eclipse/osgi/internal/loader/classpath/ClasspathManager')}
  0x000001595ef369a4: 48ba b08e | ab73 5901 | 0000 ff82 | 2007 0000 | 4c8b 8c24 | e800 0000 | 4c89 8c24 | f800 0000 
  0x000001595ef369c4: e926 0300 | 000f 1f80 | 0000 0000 | 488b 8424 | f000 0000 

  0x000001595ef369d8: ;   {metadata(method data for {method} {0x000001597368da58} 'defineClass' '(Ljava/lang/String;[BLorg/eclipse/osgi/internal/loader/classpath/ClasspathEntry;Lorg/eclipse/osgi/storage/bundlefile/BundleEntry;Ljava/util/List;)Ljava/lang/Class;' in 'org/eclipse/osgi/internal/loader/classpath/ClasspathManager')}
  0x000001595ef369d8: 48ba b08e | ab73 5901 | 0000 8b40 | 0849 ba00 | 0000 0059 | 0100 0049 | 03c2 483b | 8248 0700 
  0x000001595ef369f8: 0075 0d48 | 8382 5007 | 0000 01e9 | 6000 0000 | 483b 8258 | 0700 0075 | 0d48 8382 | 6007 0000 
  0x000001595ef36a18: 01e9 4a00 | 0000 4883 | ba48 0700 | 0000 7517 | 4889 8248 | 0700 0048 | c782 5007 | 0000 0100 
  0x000001595ef36a38: 0000 e929 | 0000 0048 | 83ba 5807 | 0000 0075 | 1748 8982 | 5807 0000 | 48c7 8260 | 0700 0001 
  0x000001595ef36a58: 0000 00e9 | 0800 0000 | 4883 8238 | 0700 0001 | 488b 9424 | f000 0000 | 0f1f 4400 | 0048 b8d8 
  0x000001595ef36a78: 8c1d 0059 

  0x000001595ef36a7c: ;   {virtual_call}
  0x000001595ef36a7c: 0100 00e8 

  0x000001595ef36a80: ; ImmutableOopMap {[120]=Oop [136]=Oop [144]=Oop [152]=Oop [160]=Oop [200]=Oop [240]=Oop [248]=Oop }
                      ;*invokeinterface next {reexecute=0 rethrow=0 return_oop=0}
                      ; - org.eclipse.osgi.internal.loader.classpath.ClasspathManager::defineClass@270 (line 764)
  0x000001595ef36a80: 3c99 7807 

  0x000001595ef36a84: ;   {other}
  0x000001595ef36a84: 0f1f 8400 | 7415 000f | 4885 c075 

  0x000001595ef36a90: ;   {metadata(method data for {method} {0x000001597368da58} 'defineClass' '(Ljava/lang/String;[BLorg/eclipse/osgi/internal/loader/classpath/ClasspathEntry;Lorg/eclipse/osgi/storage/bundlefile/BundleEntry;Ljava/util/List;)Ljava/lang/Class;' in 'org/eclipse/osgi/internal/loader/classpath/ClasspathManager')}
  0x000001595ef36a90: 1648 bfb0 | 8eab 7359 | 0100 0080 | 8f69 0700 | 0001 e9cd 

  0x000001595ef36aa4: ;   {metadata('org/eclipse/osgi/internal/hookregistry/ClassLoaderHook')}
  0x000001595ef36aa4: 0000 0048 | bb78 eb08 | 0159 0100 | 008b 7808 | 49ba 0000 | 0000 5901 | 0000 4903 | fa48 3b5f 
  0x000001595ef36ac4: 380f 858d 

  0x000001595ef36ac8: ;   {metadata(method data for {method} {0x000001597368da58} 'defineClass' '(Ljava/lang/String;[BLorg/eclipse/osgi/internal/loader/classpath/ClasspathEntry;Lorg/eclipse/osgi/storage/bundlefile/BundleEntry;Ljava/util/List;)Ljava/lang/Class;' in 'org/eclipse/osgi/internal/loader/classpath/ClasspathManager')}
  0x000001595ef36ac8: 0000 0048 | bfb0 8eab | 7359 0100 | 008b 5808 | 49ba 0000 | 0000 5901 | 0000 4903 | da48 3b9f 
  0x000001595ef36ae8: 8007 0000 | 750d 4883 | 8788 0700 | 0001 e979 | 0000 0048 | 3b9f 9007 | 0000 750d | 4883 8798 
  0x000001595ef36b08: 0700 0001 | e963 0000 | 0048 83bf | 8007 0000 | 0075 1748 | 899f 8007 | 0000 48c7 | 8788 0700 
  0x000001595ef36b28: 0001 0000 | 00e9 4200 | 0000 4883 | bf90 0700 | 0000 7517 | 4889 9f90 | 0700 0048 | c787 9807 
  0x000001595ef36b48: 0000 0100 | 0000 e921 | 0000 00e9 | 1c00 0000 

  0x000001595ef36b58: ;   {metadata(method data for {method} {0x000001597368da58} 'defineClass' '(Ljava/lang/String;[BLorg/eclipse/osgi/internal/loader/classpath/ClasspathEntry;Lorg/eclipse/osgi/storage/bundlefile/BundleEntry;Ljava/util/List;)Ljava/lang/Class;' in 'org/eclipse/osgi/internal/loader/classpath/ClasspathManager')}
  0x000001595ef36b58: 48bf b08e | ab73 5901 | 0000 4883 | af70 0700 | 0001 e958 | 1900 00e9 | 0000 0000 | 488b f048 
  0x000001595ef36b78: 3b06 488b 

  0x000001595ef36b7c: ;   {metadata(method data for {method} {0x000001597368da58} 'defineClass' '(Ljava/lang/String;[BLorg/eclipse/osgi/internal/loader/classpath/ClasspathEntry;Lorg/eclipse/osgi/storage/bundlefile/BundleEntry;Ljava/util/List;)Ljava/lang/Class;' in 'org/eclipse/osgi/internal/loader/classpath/ClasspathManager')}
  0x000001595ef36b7c: d648 bfb0 | 8eab 7359 | 0100 008b | 5208 49ba | 0000 0000 | 5901 0000 | 4903 d248 | 3b97 b807 
  0x000001595ef36b9c: 0000 750d | 4883 87c0 | 0700 0001 | e960 0000 | 0048 3b97 | c807 0000 | 750d 4883 | 87d0 0700 
  0x000001595ef36bbc: 0001 e94a | 0000 0048 | 83bf b807 | 0000 0075 | 1748 8997 | b807 0000 | 48c7 87c0 | 0700 0001 
  0x000001595ef36bdc: 0000 00e9 | 2900 0000 | 4883 bfc8 | 0700 0000 | 7517 4889 | 97c8 0700 | 0048 c787 | d007 0000 
  0x000001595ef36bfc: 0100 0000 | e908 0000 | 0048 8387 | a807 0000 | 0148 8bd6 | 4889 b424 | 0001 0000 | 0f1f 4400 
  0x000001595ef36c1c: 0048 b8ff | ffff ffff 

  0x000001595ef36c24: ;   {virtual_call}
  0x000001595ef36c24: ffff ffe8 

  0x000001595ef36c28: ; ImmutableOopMap {[120]=Oop [136]=Oop [144]=Oop [152]=Oop [160]=Oop [200]=Oop [240]=Oop [248]=Oop [256]=Oop }
                      ;*invokevirtual isProcessClassRecursionSupported {reexecute=0 rethrow=0 return_oop=0}
                      ; - org.eclipse.osgi.internal.loader.classpath.ClasspathManager::defineClass@282 (line 765)
  0x000001595ef36c28: 2436 2607 

  0x000001595ef36c2c: ;   {other}
  0x000001595ef36c2c: 0f1f 8400 | 1c17 0010 

  0x000001595ef36c34: ;   {metadata(method data for {method} {0x000001597368da58} 'defineClass' '(Ljava/lang/String;[BLorg/eclipse/osgi/internal/loader/classpath/ClasspathEntry;Lorg/eclipse/osgi/storage/bundlefile/BundleEntry;Ljava/util/List;)Ljava/lang/Class;' in 'org/eclipse/osgi/internal/loader/classpath/ClasspathManager')}
  0x000001595ef36c34: 85c0 49b8 | b08e ab73 | 5901 0000 | 49c7 c1f0 | 0700 0075 | 0749 c7c1 | e007 0000 | 4b8b 3c08 
  0x000001595ef36c54: 488d 7f01 | 4b89 3c08 | 0f85 0d00 | 0000 488b | 8424 f000 | 0000 e980 | 0000 0048 | 8bb4 2400 
  0x000001595ef36c74: 0100 0048 | 8b8c 2490 | 0000 0048 | 8b54 2478 

  0x000001595ef36c84: ;   {metadata(method data for {method} {0x000001597368da58} 'defineClass' '(Ljava/lang/String;[BLorg/eclipse/osgi/internal/loader/classpath/ClasspathEntry;Lorg/eclipse/osgi/storage/bundlefile/BundleEntry;Ljava/util/List;)Ljava/lang/Class;' in 'org/eclipse/osgi/internal/loader/classpath/ClasspathManager')}
  0x000001595ef36c84: 4c8b c249 | b9b0 8eab | 7359 0100 | 0049 8381 | 0008 0000 | 014c 8bc6 | 4c8b 8c24 | 8800 0000 
  0x000001595ef36ca4: 488b bc24 | f800 0000 | 488b b424 | a000 0000 | 488b d948 | 8b8c 2498 | 0000 0048 | 8914 2448 
  0x000001595ef36cc4: 895c 2408 | 488b c248 

  0x000001595ef36ccc: ;   {optimized virtual_call}
  0x000001595ef36ccc: 8bd0 90e8 

  0x000001595ef36cd0: ; ImmutableOopMap {[120]=Oop [136]=Oop [144]=Oop [152]=Oop [160]=Oop [200]=Oop [240]=Oop [248]=Oop }
                      ;*invokespecial processClass {reexecute=0 rethrow=0 return_oop=0}
                      ; - org.eclipse.osgi.internal.loader.classpath.ClasspathManager::defineClass@299 (line 769)
  0x000001595ef36cd0: ec02 f7ff 

  0x000001595ef36cd4: ;   {other}
  0x000001595ef36cd4: 0f1f 8400 | c417 0011 | 4c8b c84c | 898c 24f8 | 0000 0048 | 8b84 24f0 | 0000 0048 | 3b00 488b 
  0x000001595ef36cf4: ;   {metadata(method data for {method} {0x000001597368da58} 'defineClass' '(Ljava/lang/String;[BLorg/eclipse/osgi/internal/loader/classpath/ClasspathEntry;Lorg/eclipse/osgi/storage/bundlefile/BundleEntry;Ljava/util/List;)Ljava/lang/Class;' in 'org/eclipse/osgi/internal/loader/classpath/ClasspathManager')}
  0x000001595ef36cf4: f048 bfb0 | 8eab 7359 | 0100 008b | 7608 49ba | 0000 0000 | 5901 0000 | 4903 f248 | 3bb7 2008 
  0x000001595ef36d14: 0000 750d | 4883 8728 | 0800 0001 | e960 0000 | 0048 3bb7 | 3008 0000 | 750d 4883 | 8738 0800 
  0x000001595ef36d34: 0001 e94a | 0000 0048 | 83bf 2008 | 0000 0075 | 1748 89b7 | 2008 0000 | 48c7 8728 | 0800 0001 
  0x000001595ef36d54: 0000 00e9 | 2900 0000 | 4883 bf30 | 0800 0000 | 7517 4889 | b730 0800 | 0048 c787 | 3808 0000 
  0x000001595ef36d74: 0100 0000 | e908 0000 | 0048 8387 | 1008 0000 | 0148 8bd0 | 0f1f 4400 | 0048 b8d8 | 8c1d 0059 
  0x000001595ef36d94: ;   {virtual_call}
  0x000001595ef36d94: 0100 00e8 

  0x000001595ef36d98: ; ImmutableOopMap {[120]=Oop [136]=Oop [144]=Oop [152]=Oop [160]=Oop [200]=Oop [240]=Oop [248]=Oop }
                      ;*invokeinterface hasNext {reexecute=0 rethrow=0 return_oop=0}
                      ; - org.eclipse.osgi.internal.loader.classpath.ClasspathManager::defineClass@305 (line 764)
  0x000001595ef36d98: 04ed 7207 

  0x000001595ef36d9c: ;   {other}
  0x000001595ef36d9c: 0f1f 8400 | 8c18 0012 | 85c0 ba02 | 0000 0075 | 05ba 0000 

  0x000001595ef36db0: ;   {metadata(method data for {method} {0x000001597368da58} 'defineClass' '(Ljava/lang/String;[BLorg/eclipse/osgi/internal/loader/classpath/ClasspathEntry;Lorg/eclipse/osgi/storage/bundlefile/BundleEntry;Ljava/util/List;)Ljava/lang/Class;' in 'org/eclipse/osgi/internal/loader/classpath/ClasspathManager')}
  0x000001595ef36db0: 0000 48be | b08e ab73 | 5901 0000 | 8bbe d000 | 0000 03fa | 89be d000 | 0000 85d2 | 7505 bf02 
  0x000001595ef36dd0: 0000 0081 | e7fe 3f00 | 0085 ff0f | 84f9 1600 | 004d 8b97 

  0x000001595ef36de4: ; ImmutableOopMap {[120]=Oop [136]=Oop [144]=Oop [152]=Oop [160]=Oop [200]=Oop [240]=Oop [248]=Oop }
                      ;*ifne {reexecute=1 rethrow=0 return_oop=0}
                      ; - (reexecute) org.eclipse.osgi.internal.loader.classpath.ClasspathManager::defineClass@310 (line 764)
  0x000001595ef36de4: 5004 0000 

  0x000001595ef36de8: ;   {poll}
  0x000001595ef36de8: 4185 0285 

  0x000001595ef36dec: ;   {metadata(method data for {method} {0x000001597368da58} 'defineClass' '(Ljava/lang/String;[BLorg/eclipse/osgi/internal/loader/classpath/ClasspathEntry;Lorg/eclipse/osgi/storage/bundlefile/BundleEntry;Ljava/util/List;)Ljava/lang/Class;' in 'org/eclipse/osgi/internal/loader/classpath/ClasspathManager')}
  0x000001595ef36dec: c048 bab0 | 8eab 7359 | 0100 0048 | c7c6 4808 | 0000 7507 | 48c7 c658 | 0800 0048 | 8b3c 3248 
  0x000001595ef36e0c: 8d7f 0148 | 893c 320f | 85b7 fbff | ff48 8b94 | 24c8 0000 | 008b 7210 

  0x000001595ef36e24: ; implicit exception: dispatches to 0x000001595ef38500
  0x000001595ef36e24: 483b 064c 

  0x000001595ef36e28: ;   {metadata(method data for {method} {0x000001597368da58} 'defineClass' '(Ljava/lang/String;[BLorg/eclipse/osgi/internal/loader/classpath/ClasspathEntry;Lorg/eclipse/osgi/storage/bundlefile/BundleEntry;Ljava/util/List;)Ljava/lang/Class;' in 'org/eclipse/osgi/internal/loader/classpath/ClasspathManager')}
  0x000001595ef36e28: 8bc6 48bf | b08e ab73 | 5901 0000 | 458b 4008 | 49ba 0000 | 0000 5901 | 0000 4d03 | c24c 3b87 
  0x000001595ef36e48: 7808 0000 | 750d 4883 | 8780 0800 | 0001 e960 | 0000 004c | 3b87 8808 | 0000 750d | 4883 8790 
  0x000001595ef36e68: 0800 0001 | e94a 0000 | 0048 83bf | 7808 0000 | 0075 174c | 8987 7808 | 0000 48c7 | 8780 0800 
  0x000001595ef36e88: 0001 0000 | 00e9 2900 | 0000 4883 | bf88 0800 | 0000 7517 | 4c89 8788 | 0800 0048 | c787 9008 
  0x000001595ef36ea8: 0000 0100 | 0000 e908 | 0000 0048 | 8387 6808 | 0000 014c | 8b84 2488 | 0000 0048 | 8994 24c8 
  0x000001595ef36ec8: 0000 0048 | 8bd6 0f1f | 8000 0000 | 0048 b8e8 | a20b 0059 

  0x000001595ef36edc: ;   {virtual_call}
  0x000001595ef36edc: 0100 00e8 

  0x000001595ef36ee0: ; ImmutableOopMap {[120]=Oop [136]=Oop [144]=Oop [152]=Oop [160]=Oop [200]=Oop [248]=Oop }
                      ;*invokeinterface contains {reexecute=0 rethrow=0 return_oop=0}
                      ; - org.eclipse.osgi.internal.loader.classpath.ClasspathManager::defineClass@319 (line 773)
  0x000001595ef36ee0: dc28 f1ff 

  0x000001595ef36ee4: ;   {other}
  0x000001595ef36ee4: 0f1f 8400 | d419 0014 

  0x000001595ef36eec: ;   {metadata(method data for {method} {0x000001597368da58} 'defineClass' '(Ljava/lang/String;[BLorg/eclipse/osgi/internal/loader/classpath/ClasspathEntry;Lorg/eclipse/osgi/storage/bundlefile/BundleEntry;Ljava/util/List;)Ljava/lang/Class;' in 'org/eclipse/osgi/internal/loader/classpath/ClasspathManager')}
  0x000001595ef36eec: 85c0 48ba | b08e ab73 | 5901 0000 | 48c7 c6a0 | 0800 0074 | 0748 c7c6 | b008 0000 | 488b 3c32 
  0x000001595ef36f0c: 488d 7f01 | 4889 3c32 | 0f84 bc04 

  0x000001595ef36f18: ;   {metadata(method data for {method} {0x000001597368da58} 'defineClass' '(Ljava/lang/String;[BLorg/eclipse/osgi/internal/loader/classpath/ClasspathEntry;Lorg/eclipse/osgi/storage/bundlefile/BundleEntry;Ljava/util/List;)Ljava/lang/Class;' in 'org/eclipse/osgi/internal/loader/classpath/ClasspathManager')}
  0x000001595ef36f18: 0000 48ba | b08e ab73 | 5901 0000 | ff82 d008 

  0x000001595ef36f28: ;   {metadata(method data for {method} {0x000001597368da58} 'defineClass' '(Ljava/lang/String;[BLorg/eclipse/osgi/internal/loader/classpath/ClasspathEntry;Lorg/eclipse/osgi/storage/bundlefile/BundleEntry;Ljava/util/List;)Ljava/lang/Class;' in 'org/eclipse/osgi/internal/loader/classpath/ClasspathManager')}
  0x000001595ef36f28: 0000 48ba | b08e ab73 | 5901 0000 | ff82 e008 | 0000 488b | 8c24 9000 

  0x000001595ef36f40: ;   {metadata(method data for {method} {0x000001597368da58} 'defineClass' '(Ljava/lang/String;[BLorg/eclipse/osgi/internal/loader/classpath/ClasspathEntry;Lorg/eclipse/osgi/storage/bundlefile/BundleEntry;Ljava/util/List;)Ljava/lang/Class;' in 'org/eclipse/osgi/internal/loader/classpath/ClasspathManager')}
  0x000001595ef36f40: 0000 48ba | b08e ab73 | 5901 0000 | 8b49 0849 | ba00 0000 | 0059 0100 | 0049 03ca | 483b 8a48 
  0x000001595ef36f60: 0900 0075 | 0d48 8382 | 5009 0000 | 01e9 6000 | 0000 483b | 8a58 0900 | 0075 0d48 | 8382 6009 
  0x000001595ef36f80: 0000 01e9 | 4a00 0000 | 4883 ba48 | 0900 0000 | 7517 4889 | 8a48 0900 | 0048 c782 | 5009 0000 
  0x000001595ef36fa0: 0100 0000 | e929 0000 | 0048 83ba | 5809 0000 | 0075 1748 | 898a 5809 | 0000 48c7 | 8260 0900 
  0x000001595ef36fc0: 0001 0000 | 00e9 0800 | 0000 4883 | 8238 0900 | 0001 488b | 9424 9000 | 0000 6666 | 9048 b8ff 
  0x000001595ef36fe0: ffff ffff 

  0x000001595ef36fe4: ;   {virtual_call}
  0x000001595ef36fe4: ffff ffe8 

  0x000001595ef36fe8: ; ImmutableOopMap {[120]=Oop [136]=Oop [152]=Oop [160]=Oop [248]=Oop }
                      ;*invokeinterface iterator {reexecute=0 rethrow=0 return_oop=0}
                      ; - org.eclipse.osgi.internal.loader.classpath.ClasspathManager::defineClass@358 (line 788)
  0x000001595ef36fe8: 947a 1a07 

  0x000001595ef36fec: ;   {other}
  0x000001595ef36fec: 0f1f 8400 | dc1a 0015 | 4889 8424 | 0801 0000 

  0x000001595ef36ffc: ;   {metadata(method data for {method} {0x000001597368da58} 'defineClass' '(Ljava/lang/String;[BLorg/eclipse/osgi/internal/loader/classpath/ClasspathEntry;Lorg/eclipse/osgi/storage/bundlefile/BundleEntry;Ljava/util/List;)Ljava/lang/Class;' in 'org/eclipse/osgi/internal/loader/classpath/ClasspathManager')}
  0x000001595ef36ffc: 48ba b08e | ab73 5901 | 0000 ff82 | 7009 0000 | e99b 0200 | 000f 1f80 | 0000 0000 | 488b 8424 
  0x000001595ef3701c: 0801 0000 

  0x000001595ef37020: ;   {metadata(method data for {method} {0x000001597368da58} 'defineClass' '(Ljava/lang/String;[BLorg/eclipse/osgi/internal/loader/classpath/ClasspathEntry;Lorg/eclipse/osgi/storage/bundlefile/BundleEntry;Ljava/util/List;)Ljava/lang/Class;' in 'org/eclipse/osgi/internal/loader/classpath/ClasspathManager')}
  0x000001595ef37020: 48be b08e | ab73 5901 | 0000 8b40 | 0849 ba00 | 0000 0059 | 0100 0049 | 03c2 483b | 8698 0900 
  0x000001595ef37040: 0075 0d48 | 8386 a009 | 0000 01e9 | 6000 0000 | 483b 86a8 | 0900 0075 | 0d48 8386 | b009 0000 
  0x000001595ef37060: 01e9 4a00 | 0000 4883 | be98 0900 | 0000 7517 | 4889 8698 | 0900 0048 | c786 a009 | 0000 0100 
  0x000001595ef37080: 0000 e929 | 0000 0048 | 83be a809 | 0000 0075 | 1748 8986 | a809 0000 | 48c7 86b0 | 0900 0001 
  0x000001595ef370a0: 0000 00e9 | 0800 0000 | 4883 8688 | 0900 0001 | 488b 9424 | 0801 0000 | 0f1f 4400 | 0048 b8ff 
  0x000001595ef370c0: ffff ffff 

  0x000001595ef370c4: ;   {virtual_call}
  0x000001595ef370c4: ffff ffe8 

  0x000001595ef370c8: ; ImmutableOopMap {[120]=Oop [136]=Oop [152]=Oop [160]=Oop [248]=Oop [264]=Oop }
                      ;*invokeinterface next {reexecute=0 rethrow=0 return_oop=0}
                      ; - org.eclipse.osgi.internal.loader.classpath.ClasspathManager::defineClass@370 (line 788)
  0x000001595ef370c8: b479 1a07 

  0x000001595ef370cc: ;   {other}
  0x000001595ef370cc: 0f1f 8400 | bc1b 0016 | 4885 c075 

  0x000001595ef370d8: ;   {metadata(method data for {method} {0x000001597368da58} 'defineClass' '(Ljava/lang/String;[BLorg/eclipse/osgi/internal/loader/classpath/ClasspathEntry;Lorg/eclipse/osgi/storage/bundlefile/BundleEntry;Ljava/util/List;)Ljava/lang/Class;' in 'org/eclipse/osgi/internal/loader/classpath/ClasspathManager')}
  0x000001595ef370d8: 1749 b9b0 | 8eab 7359 | 0100 0041 | 8089 b909 | 0000 01e9 | ce00 0000 

  0x000001595ef370f0: ;   {metadata('org/eclipse/osgi/internal/hookregistry/ClassLoaderHook')}
  0x000001595ef370f0: 48bf 78eb | 0801 5901 | 0000 448b | 4808 49ba | 0000 0000 | 5901 0000 | 4d03 ca49 | 3b79 380f 
  0x000001595ef37110: 858d 0000 

  0x000001595ef37114: ;   {metadata(method data for {method} {0x000001597368da58} 'defineClass' '(Ljava/lang/String;[BLorg/eclipse/osgi/internal/loader/classpath/ClasspathEntry;Lorg/eclipse/osgi/storage/bundlefile/BundleEntry;Ljava/util/List;)Ljava/lang/Class;' in 'org/eclipse/osgi/internal/loader/classpath/ClasspathManager')}
  0x000001595ef37114: 0049 b9b0 | 8eab 7359 | 0100 008b | 7808 49ba | 0000 0000 | 5901 0000 | 4903 fa49 | 3bb9 d009 
  0x000001595ef37134: 0000 750d | 4983 81d8 | 0900 0001 | e979 0000 | 0049 3bb9 | e009 0000 | 750d 4983 | 81e8 0900 
  0x000001595ef37154: 0001 e963 | 0000 0049 | 83b9 d009 | 0000 0075 | 1749 89b9 | d009 0000 | 49c7 81d8 | 0900 0001 
  0x000001595ef37174: 0000 00e9 | 4200 0000 | 4983 b9e0 | 0900 0000 | 7517 4989 | b9e0 0900 | 0049 c781 | e809 0000 
  0x000001595ef37194: 0100 0000 | e921 0000 | 00e9 1c00 

  0x000001595ef371a0: ;   {metadata(method data for {method} {0x000001597368da58} 'defineClass' '(Ljava/lang/String;[BLorg/eclipse/osgi/internal/loader/classpath/ClasspathEntry;Lorg/eclipse/osgi/storage/bundlefile/BundleEntry;Ljava/util/List;)Ljava/lang/Class;' in 'org/eclipse/osgi/internal/loader/classpath/ClasspathManager')}
  0x000001595ef371a0: 0000 49b9 | b08e ab73 | 5901 0000 | 4983 a9c0 | 0900 0001 | e94c 1300 | 00e9 0000 | 0000 488b 
  0x000001595ef371c0: d048 3b02 

  0x000001595ef371c4: ;   {metadata(method data for {method} {0x000001597368da58} 'defineClass' '(Ljava/lang/String;[BLorg/eclipse/osgi/internal/loader/classpath/ClasspathEntry;Lorg/eclipse/osgi/storage/bundlefile/BundleEntry;Ljava/util/List;)Ljava/lang/Class;' in 'org/eclipse/osgi/internal/loader/classpath/ClasspathManager')}
  0x000001595ef371c4: 4c8b c249 | b9b0 8eab | 7359 0100 | 0045 8b40 | 0849 ba00 | 0000 0059 | 0100 004d | 03c2 4d3b 
  0x000001595ef371e4: 8108 0a00 | 0075 0d49 | 8381 100a | 0000 01e9 | 6000 0000 | 4d3b 8118 | 0a00 0075 | 0d49 8381 
  0x000001595ef37204: 200a 0000 | 01e9 4a00 | 0000 4983 | b908 0a00 | 0000 7517 | 4d89 8108 | 0a00 0049 | c781 100a 
  0x000001595ef37224: 0000 0100 | 0000 e929 | 0000 0049 | 83b9 180a | 0000 0075 | 174d 8981 | 180a 0000 | 49c7 8120 
  0x000001595ef37244: 0a00 0001 | 0000 00e9 | 0800 0000 | 4983 81f8 | 0900 0001 | 4c8b 8424 | 8800 0000 

  0x000001595ef37260: ;   {oop(nullptr)}
  0x000001595ef37260: 49b9 0000 | 0000 0000 | 0000 488b | bc24 f800 | 0000 488b | b424 a000 | 0000 488b | 8c24 9800 
  0x000001595ef37280: 0000 488b | 5c24 7848 | 891c 2466 | 9048 b8ff | ffff ffff 

  0x000001595ef37294: ;   {virtual_call}
  0x000001595ef37294: ffff ffe8 

  0x000001595ef37298: ; ImmutableOopMap {[120]=Oop [136]=Oop [152]=Oop [160]=Oop [248]=Oop [264]=Oop }
                      ;*invokevirtual recordClassDefine {reexecute=0 rethrow=0 return_oop=0}
                      ; - org.eclipse.osgi.internal.loader.classpath.ClasspathManager::defineClass@390 (line 789)
  0x000001595ef37298: e477 1a07 

  0x000001595ef3729c: ;   {other}
  0x000001595ef3729c: 0f1f 8400 | 8c1d 0017 | 488b 8424 | 0801 0000 

  0x000001595ef372ac: ; implicit exception: dispatches to 0x000001595ef38513
  0x000001595ef372ac: 483b 0048 

  0x000001595ef372b0: ;   {metadata(method data for {method} {0x000001597368da58} 'defineClass' '(Ljava/lang/String;[BLorg/eclipse/osgi/internal/loader/classpath/ClasspathEntry;Lorg/eclipse/osgi/storage/bundlefile/BundleEntry;Ljava/util/List;)Ljava/lang/Class;' in 'org/eclipse/osgi/internal/loader/classpath/ClasspathManager')}
  0x000001595ef372b0: 8bf0 48bf | b08e ab73 | 5901 0000 | 8b76 0849 | ba00 0000 | 0059 0100 | 0049 03f2 | 483b b740 
  0x000001595ef372d0: 0a00 0075 | 0d48 8387 | 480a 0000 | 01e9 6000 | 0000 483b | b750 0a00 | 0075 0d48 | 8387 580a 
  0x000001595ef372f0: 0000 01e9 | 4a00 0000 | 4883 bf40 | 0a00 0000 | 7517 4889 | b740 0a00 | 0048 c787 | 480a 0000 
  0x000001595ef37310: 0100 0000 | e929 0000 | 0048 83bf | 500a 0000 | 0075 1748 | 89b7 500a | 0000 48c7 | 8758 0a00 
  0x000001595ef37330: 0001 0000 | 00e9 0800 | 0000 4883 | 8730 0a00 | 0001 488b | d048 b8ff | ffff ffff 

  0x000001595ef3734c: ;   {virtual_call}
  0x000001595ef3734c: ffff ffe8 

  0x000001595ef37350: ; ImmutableOopMap {[120]=Oop [136]=Oop [152]=Oop [160]=Oop [248]=Oop [264]=Oop }
                      ;*invokeinterface hasNext {reexecute=0 rethrow=0 return_oop=0}
                      ; - org.eclipse.osgi.internal.loader.classpath.ClasspathManager::defineClass@395 (line 788)
  0x000001595ef37350: 2c77 1a07 

  0x000001595ef37354: ;   {other}
  0x000001595ef37354: 0f1f 8400 | 441e 0018 | 85c0 ba02 | 0000 0075 | 05ba 0000 

  0x000001595ef37368: ;   {metadata(method data for {method} {0x000001597368da58} 'defineClass' '(Ljava/lang/String;[BLorg/eclipse/osgi/internal/loader/classpath/ClasspathEntry;Lorg/eclipse/osgi/storage/bundlefile/BundleEntry;Ljava/util/List;)Ljava/lang/Class;' in 'org/eclipse/osgi/internal/loader/classpath/ClasspathManager')}
  0x000001595ef37368: 0000 48be | b08e ab73 | 5901 0000 | 8bbe d000 | 0000 03fa | 89be d000 | 0000 85d2 | 7505 bf02 
  0x000001595ef37388: 0000 0081 | e7fe 3f00 | 0085 ff0f | 847f 1100 | 004d 8b97 

  0x000001595ef3739c: ; ImmutableOopMap {[120]=Oop [136]=Oop [152]=Oop [160]=Oop [248]=Oop [264]=Oop }
                      ;*ifne {reexecute=1 rethrow=0 return_oop=0}
                      ; - (reexecute) org.eclipse.osgi.internal.loader.classpath.ClasspathManager::defineClass@400 (line 788)
  0x000001595ef3739c: 5004 0000 

  0x000001595ef373a0: ;   {poll}
  0x000001595ef373a0: 4185 0285 

  0x000001595ef373a4: ;   {metadata(method data for {method} {0x000001597368da58} 'defineClass' '(Ljava/lang/String;[BLorg/eclipse/osgi/internal/loader/classpath/ClasspathEntry;Lorg/eclipse/osgi/storage/bundlefile/BundleEntry;Ljava/util/List;)Ljava/lang/Class;' in 'org/eclipse/osgi/internal/loader/classpath/ClasspathManager')}
  0x000001595ef373a4: c048 bab0 | 8eab 7359 | 0100 0048 | c7c6 680a | 0000 7507 | 48c7 c678 | 0a00 0048 | 8b3c 3248 
  0x000001595ef373c4: 8d7f 0148 | 893c 320f | 8547 fcff | ffe9 4308 | 0000 488b | 9424 c800 | 0000 8b72 | 1048 3b06 
  0x000001595ef373e4: ;   {metadata(method data for {method} {0x000001597368da58} 'defineClass' '(Ljava/lang/String;[BLorg/eclipse/osgi/internal/loader/classpath/ClasspathEntry;Lorg/eclipse/osgi/storage/bundlefile/BundleEntry;Ljava/util/List;)Ljava/lang/Class;' in 'org/eclipse/osgi/internal/loader/classpath/ClasspathManager')}
  0x000001595ef373e4: 4c8b c648 | bfb0 8eab | 7359 0100 | 0045 8b40 | 0849 ba00 | 0000 0059 | 0100 004d | 03c2 4c3b 
  0x000001595ef37404: 8798 0a00 | 0075 0d48 | 8387 a00a | 0000 01e9 | 6000 0000 | 4c3b 87a8 | 0a00 0075 | 0d48 8387 
  0x000001595ef37424: b00a 0000 | 01e9 4a00 | 0000 4883 | bf98 0a00 | 0000 7517 | 4c89 8798 | 0a00 0048 | c787 a00a 
  0x000001595ef37444: 0000 0100 | 0000 e929 | 0000 0048 | 83bf a80a | 0000 0075 | 174c 8987 | a80a 0000 | 48c7 87b0 
  0x000001595ef37464: 0a00 0001 | 0000 00e9 | 0800 0000 | 4883 8788 | 0a00 0001 | 4c8b 8424 | 8800 0000 | 4889 9424 
  0x000001595ef37484: c800 0000 | 488b d666 | 9048 b8e8 | a20b 0059 

  0x000001595ef37494: ;   {virtual_call}
  0x000001595ef37494: 0100 00e8 

  0x000001595ef37498: ; ImmutableOopMap {[120]=Oop [136]=Oop [144]=Oop [152]=Oop [160]=Oop [200]=Oop [248]=Oop }
                      ;*invokeinterface add {reexecute=0 rethrow=0 return_oop=0}
                      ; - org.eclipse.osgi.internal.loader.classpath.ClasspathManager::defineClass@411 (line 777)
  0x000001595ef37498: 24ea 7607 

  0x000001595ef3749c: ;   {other}
  0x000001595ef3749c: 0f1f 8400 | 8c1f 001a | 488b 5424 | 788b 7210 

  0x000001595ef374ac: ; implicit exception: dispatches to 0x000001595ef3853e
  0x000001595ef374ac: 483b 064c 

  0x000001595ef374b0: ;   {metadata(method data for {method} {0x000001597368da58} 'defineClass' '(Ljava/lang/String;[BLorg/eclipse/osgi/internal/loader/classpath/ClasspathEntry;Lorg/eclipse/osgi/storage/bundlefile/BundleEntry;Ljava/util/List;)Ljava/lang/Class;' in 'org/eclipse/osgi/internal/loader/classpath/ClasspathManager')}
  0x000001595ef374b0: 8bc6 49b9 | b08e ab73 | 5901 0000 | 458b 4008 | 49ba 0000 | 0000 5901 | 0000 4d03 | c24d 3b81 
  0x000001595ef374d0: d00a 0000 | 750d 4983 | 81d8 0a00 | 0001 e960 | 0000 004d | 3b81 e00a | 0000 750d | 4983 81e8 
  0x000001595ef374f0: 0a00 0001 | e94a 0000 | 0049 83b9 | d00a 0000 | 0075 174d | 8981 d00a | 0000 49c7 | 81d8 0a00 
  0x000001595ef37510: 0001 0000 | 00e9 2900 | 0000 4983 | b9e0 0a00 | 0000 7517 | 4d89 81e0 | 0a00 0049 | c781 e80a 
  0x000001595ef37530: 0000 0100 | 0000 e908 | 0000 0049 | 8381 c00a | 0000 014c | 8b84 2488 | 0000 004c | 8b8c 24f8 
  0x000001595ef37550: 0000 0048 | 8bbc 24a0 | 0000 0048 

  0x000001595ef3755c: ;   {optimized virtual_call}
  0x000001595ef3755c: 8bd6 90e8 

  0x000001595ef37560: ; ImmutableOopMap {[120]=Oop [136]=Oop [144]=Oop [152]=Oop [160]=Oop [200]=Oop [248]=Oop }
                      ;*invokevirtual defineClass {reexecute=0 rethrow=0 return_oop=0}
                      ; - org.eclipse.osgi.internal.loader.classpath.ClasspathManager::defineClass@424 (line 779)
  0x000001595ef37560: 5918 0000 

  0x000001595ef37564: ;   {other}
  0x000001595ef37564: 0f1f 8400 | 5420 001b | 4889 8424 | 1001 0000 

  0x000001595ef37574: ;   {metadata(method data for {method} {0x000001597368da58} 'defineClass' '(Ljava/lang/String;[BLorg/eclipse/osgi/internal/loader/classpath/ClasspathEntry;Lorg/eclipse/osgi/storage/bundlefile/BundleEntry;Ljava/util/List;)Ljava/lang/Class;' in 'org/eclipse/osgi/internal/loader/classpath/ClasspathManager')}
  0x000001595ef37574: 49b8 b08e | ab73 5901 | 0000 41ff | 80f8 0a00 | 0048 8b94 | 24c8 0000 | 008b 5210 

  0x000001595ef37590: ; implicit exception: dispatches to 0x000001595ef38543
  0x000001595ef37590: 483b 024c 

  0x000001595ef37594: ;   {metadata(method data for {method} {0x000001597368da58} 'defineClass' '(Ljava/lang/String;[BLorg/eclipse/osgi/internal/loader/classpath/ClasspathEntry;Lorg/eclipse/osgi/storage/bundlefile/BundleEntry;Ljava/util/List;)Ljava/lang/Class;' in 'org/eclipse/osgi/internal/loader/classpath/ClasspathManager')}
  0x000001595ef37594: 8bc2 48be | b08e ab73 | 5901 0000 | 458b 4008 | 49ba 0000 | 0000 5901 | 0000 4d03 | c24c 3b86 
  0x000001595ef375b4: 580b 0000 | 750d 4883 | 8660 0b00 | 0001 e960 | 0000 004c | 3b86 680b | 0000 750d | 4883 8670 
  0x000001595ef375d4: 0b00 0001 | e94a 0000 | 0048 83be | 580b 0000 | 0075 174c | 8986 580b | 0000 48c7 | 8660 0b00 
  0x000001595ef375f4: 0001 0000 | 00e9 2900 | 0000 4883 | be68 0b00 | 0000 7517 | 4c89 8668 | 0b00 0048 | c786 700b 
  0x000001595ef37614: 0000 0100 | 0000 e908 | 0000 0048 | 8386 480b | 0000 014c | 8b84 2488 | 0000 0066 | 0f1f 4400 
  0x000001595ef37634: 0048 b8e8 | a20b 0059 

  0x000001595ef3763c: ;   {virtual_call}
  0x000001595ef3763c: 0100 00e8 

  0x000001595ef37640: ; ImmutableOopMap {[120]=Oop [136]=Oop [144]=Oop [152]=Oop [160]=Oop [248]=Oop [272]=Oop }
                      ;*invokeinterface remove {reexecute=0 rethrow=0 return_oop=0}
                      ; - org.eclipse.osgi.internal.loader.classpath.ClasspathManager::defineClass@455 (line 781)
  0x000001595ef37640: bc6f f6ff 

  0x000001595ef37644: ;   {other}
  0x000001595ef37644: 0f1f 8400 | 3421 001c 

  0x000001595ef3764c: ;   {metadata(method data for {method} {0x000001597368da58} 'defineClass' '(Ljava/lang/String;[BLorg/eclipse/osgi/internal/loader/classpath/ClasspathEntry;Lorg/eclipse/osgi/storage/bundlefile/BundleEntry;Ljava/util/List;)Ljava/lang/Class;' in 'org/eclipse/osgi/internal/loader/classpath/ClasspathManager')}
  0x000001595ef3764c: 48ba b08e | ab73 5901 | 0000 ff82 | 800b 0000 

  0x000001595ef3765c: ;   {metadata(method data for {method} {0x000001597368da58} 'defineClass' '(Ljava/lang/String;[BLorg/eclipse/osgi/internal/loader/classpath/ClasspathEntry;Lorg/eclipse/osgi/storage/bundlefile/BundleEntry;Ljava/util/List;)Ljava/lang/Class;' in 'org/eclipse/osgi/internal/loader/classpath/ClasspathManager')}
  0x000001595ef3765c: 48ba b08e | ab73 5901 | 0000 ff82 | 700d 0000 | 488b 8424 | 1001 0000 

  0x000001595ef37674: ;   {metadata(method data for {method} {0x000001597368da58} 'defineClass' '(Ljava/lang/String;[BLorg/eclipse/osgi/internal/loader/classpath/ClasspathEntry;Lorg/eclipse/osgi/storage/bundlefile/BundleEntry;Ljava/util/List;)Ljava/lang/Class;' in 'org/eclipse/osgi/internal/loader/classpath/ClasspathManager')}
  0x000001595ef37674: 4885 c048 | bab0 8eab | 7359 0100 | 0048 c7c6 | 800d 0000 | 7407 48c7 | c690 0d00 | 0048 8b3c 
  0x000001595ef37694: 3248 8d7f | 0148 893c | 320f 8432 | 0000 000f | be50 0c85 

  0x000001595ef376a8: ;   {metadata(method data for {method} {0x000001597368da58} 'defineClass' '(Ljava/lang/String;[BLorg/eclipse/osgi/internal/loader/classpath/ClasspathEntry;Lorg/eclipse/osgi/storage/bundlefile/BundleEntry;Ljava/util/List;)Ljava/lang/Class;' in 'org/eclipse/osgi/internal/loader/classpath/ClasspathManager')}
  0x000001595ef376a8: d248 bab0 | 8eab 7359 | 0100 0048 | c7c6 b00d | 0000 7507 | 48c7 c6a0 | 0d00 0048 | 8b3c 3248 
  0x000001595ef376c8: 8d7f 0148 | 893c 320f | 850f 0000 

  0x000001595ef376d4: ;   {oop(nullptr)}
  0x000001595ef376d4: 0048 be00 | 0000 0000 | 0000 00e9 | 1600 0000 

  0x000001595ef376e4: ;   {metadata(method data for {method} {0x000001597368da58} 'defineClass' '(Ljava/lang/String;[BLorg/eclipse/osgi/internal/loader/classpath/ClasspathEntry;Lorg/eclipse/osgi/storage/bundlefile/BundleEntry;Ljava/util/List;)Ljava/lang/Class;' in 'org/eclipse/osgi/internal/loader/classpath/ClasspathManager')}
  0x000001595ef376e4: 8b50 1048 | beb0 8eab | 7359 0100 | 00ff 86c0 | 0d00 0048 | 8bf2 4889 | b424 1801 | 0000 488b 
  0x000001595ef37704: 8c24 9000 

  0x000001595ef37708: ;   {metadata(method data for {method} {0x000001597368da58} 'defineClass' '(Ljava/lang/String;[BLorg/eclipse/osgi/internal/loader/classpath/ClasspathEntry;Lorg/eclipse/osgi/storage/bundlefile/BundleEntry;Ljava/util/List;)Ljava/lang/Class;' in 'org/eclipse/osgi/internal/loader/classpath/ClasspathManager')}
  0x000001595ef37708: 0000 48ba | b08e ab73 | 5901 0000 | 8b49 0849 | ba00 0000 | 0059 0100 | 0049 03ca | 483b 8ae8 
  0x000001595ef37728: 0d00 0075 | 0d48 8382 | f00d 0000 | 01e9 6000 | 0000 483b | 8af8 0d00 | 0075 0d48 | 8382 000e 
  0x000001595ef37748: 0000 01e9 | 4a00 0000 | 4883 bae8 | 0d00 0000 | 7517 4889 | 8ae8 0d00 | 0048 c782 | f00d 0000 
  0x000001595ef37768: 0100 0000 | e929 0000 | 0048 83ba | f80d 0000 | 0075 1748 | 898a f80d | 0000 48c7 | 8200 0e00 
  0x000001595ef37788: 0001 0000 | 00e9 0800 | 0000 4883 | 82d8 0d00 | 0001 488b | 9424 9000 | 0000 6666 | 9048 b890 
  0x000001595ef377a8: bc1c 0059 

  0x000001595ef377ac: ;   {virtual_call}
  0x000001595ef377ac: 0100 00e8 

  0x000001595ef377b0: ; ImmutableOopMap {[120]=Oop [136]=Oop [152]=Oop [160]=Oop [248]=Oop [272]=Oop [280]=Oop }
                      ;*invokeinterface iterator {reexecute=0 rethrow=0 return_oop=0}
                      ; - org.eclipse.osgi.internal.loader.classpath.ClasspathManager::defineClass@576 (line 788)
  0x000001595ef377b0: ecf7 7807 

  0x000001595ef377b4: ;   {other}
  0x000001595ef377b4: 0f1f 8400 | a422 001d | 4889 8424 | 2001 0000 

  0x000001595ef377c4: ;   {metadata(method data for {method} {0x000001597368da58} 'defineClass' '(Ljava/lang/String;[BLorg/eclipse/osgi/internal/loader/classpath/ClasspathEntry;Lorg/eclipse/osgi/storage/bundlefile/BundleEntry;Ljava/util/List;)Ljava/lang/Class;' in 'org/eclipse/osgi/internal/loader/classpath/ClasspathManager')}
  0x000001595ef377c4: 48ba b08e | ab73 5901 | 0000 ff82 | 100e 0000 | e99b 0200 | 000f 1f80 | 0000 0000 | 488b 8424 
  0x000001595ef377e4: 2001 0000 

  0x000001595ef377e8: ;   {metadata(method data for {method} {0x000001597368da58} 'defineClass' '(Ljava/lang/String;[BLorg/eclipse/osgi/internal/loader/classpath/ClasspathEntry;Lorg/eclipse/osgi/storage/bundlefile/BundleEntry;Ljava/util/List;)Ljava/lang/Class;' in 'org/eclipse/osgi/internal/loader/classpath/ClasspathManager')}
  0x000001595ef377e8: 48be b08e | ab73 5901 | 0000 8b40 | 0849 ba00 | 0000 0059 | 0100 0049 | 03c2 483b | 8638 0e00 
  0x000001595ef37808: 0075 0d48 | 8386 400e | 0000 01e9 | 6000 0000 | 483b 8648 | 0e00 0075 | 0d48 8386 | 500e 0000 
  0x000001595ef37828: 01e9 4a00 | 0000 4883 | be38 0e00 | 0000 7517 | 4889 8638 | 0e00 0048 | c786 400e | 0000 0100 
  0x000001595ef37848: 0000 e929 | 0000 0048 | 83be 480e | 0000 0075 | 1748 8986 | 480e 0000 | 48c7 8650 | 0e00 0001 
  0x000001595ef37868: 0000 00e9 | 0800 0000 | 4883 8628 | 0e00 0001 | 488b 9424 | 2001 0000 | 0f1f 4400 | 0048 b8d8 
  0x000001595ef37888: 8c1d 0059 

  0x000001595ef3788c: ;   {virtual_call}
  0x000001595ef3788c: 0100 00e8 

  0x000001595ef37890: ; ImmutableOopMap {[120]=Oop [136]=Oop [152]=Oop [160]=Oop [248]=Oop [272]=Oop [280]=Oop [288]=Oop }
                      ;*invokeinterface next {reexecute=0 rethrow=0 return_oop=0}
                      ; - org.eclipse.osgi.internal.loader.classpath.ClasspathManager::defineClass@588 (line 788)
  0x000001595ef37890: 2c8b 7807 

  0x000001595ef37894: ;   {other}
  0x000001595ef37894: 0f1f 8400 | 8423 001e | 4885 c075 

  0x000001595ef378a0: ;   {metadata(method data for {method} {0x000001597368da58} 'defineClass' '(Ljava/lang/String;[BLorg/eclipse/osgi/internal/loader/classpath/ClasspathEntry;Lorg/eclipse/osgi/storage/bundlefile/BundleEntry;Ljava/util/List;)Ljava/lang/Class;' in 'org/eclipse/osgi/internal/loader/classpath/ClasspathManager')}
  0x000001595ef378a0: 1749 b9b0 | 8eab 7359 | 0100 0041 | 8089 590e | 0000 01e9 | ce00 0000 

  0x000001595ef378b8: ;   {metadata('org/eclipse/osgi/internal/hookregistry/ClassLoaderHook')}
  0x000001595ef378b8: 48bf 78eb | 0801 5901 | 0000 448b | 4808 49ba | 0000 0000 | 5901 0000 | 4d03 ca49 | 3b79 380f 
  0x000001595ef378d8: 858d 0000 

  0x000001595ef378dc: ;   {metadata(method data for {method} {0x000001597368da58} 'defineClass' '(Ljava/lang/String;[BLorg/eclipse/osgi/internal/loader/classpath/ClasspathEntry;Lorg/eclipse/osgi/storage/bundlefile/BundleEntry;Ljava/util/List;)Ljava/lang/Class;' in 'org/eclipse/osgi/internal/loader/classpath/ClasspathManager')}
  0x000001595ef378dc: 0049 b9b0 | 8eab 7359 | 0100 008b | 7808 49ba | 0000 0000 | 5901 0000 | 4903 fa49 | 3bb9 700e 
  0x000001595ef378fc: 0000 750d | 4983 8178 | 0e00 0001 | e979 0000 | 0049 3bb9 | 800e 0000 | 750d 4983 | 8188 0e00 
  0x000001595ef3791c: 0001 e963 | 0000 0049 | 83b9 700e | 0000 0075 | 1749 89b9 | 700e 0000 | 49c7 8178 | 0e00 0001 
  0x000001595ef3793c: 0000 00e9 | 4200 0000 | 4983 b980 | 0e00 0000 | 7517 4989 | b980 0e00 | 0049 c781 | 880e 0000 
  0x000001595ef3795c: 0100 0000 | e921 0000 | 00e9 1c00 

  0x000001595ef37968: ;   {metadata(method data for {method} {0x000001597368da58} 'defineClass' '(Ljava/lang/String;[BLorg/eclipse/osgi/internal/loader/classpath/ClasspathEntry;Lorg/eclipse/osgi/storage/bundlefile/BundleEntry;Ljava/util/List;)Ljava/lang/Class;' in 'org/eclipse/osgi/internal/loader/classpath/ClasspathManager')}
  0x000001595ef37968: 0000 49b9 | b08e ab73 | 5901 0000 | 4983 a960 | 0e00 0001 | e9cc 0b00 | 00e9 0000 | 0000 488b 
  0x000001595ef37988: d048 3b02 

  0x000001595ef3798c: ;   {metadata(method data for {method} {0x000001597368da58} 'defineClass' '(Ljava/lang/String;[BLorg/eclipse/osgi/internal/loader/classpath/ClasspathEntry;Lorg/eclipse/osgi/storage/bundlefile/BundleEntry;Ljava/util/List;)Ljava/lang/Class;' in 'org/eclipse/osgi/internal/loader/classpath/ClasspathManager')}
  0x000001595ef3798c: 4c8b c249 | b9b0 8eab | 7359 0100 | 0045 8b40 | 0849 ba00 | 0000 0059 | 0100 004d | 03c2 4d3b 
  0x000001595ef379ac: 81a8 0e00 | 0075 0d49 | 8381 b00e | 0000 01e9 | 6000 0000 | 4d3b 81b8 | 0e00 0075 | 0d49 8381 
  0x000001595ef379cc: c00e 0000 | 01e9 4a00 | 0000 4983 | b9a8 0e00 | 0000 7517 | 4d89 81a8 | 0e00 0049 | c781 b00e 
  0x000001595ef379ec: 0000 0100 | 0000 e929 | 0000 0049 | 83b9 b80e | 0000 0075 | 174d 8981 | b80e 0000 | 49c7 81c0 
  0x000001595ef37a0c: 0e00 0001 | 0000 00e9 | 0800 0000 | 4983 8198 | 0e00 0001 | 4c8b 8424 | 8800 0000 | 4c8b 8c24 
  0x000001595ef37a2c: 1801 0000 | 488b bc24 | f800 0000 | 488b b424 | a000 0000 | 488b 8c24 | 9800 0000 | 488b 5c24 
  0x000001595ef37a4c: 7848 891c | 240f 1f40 | 0048 b8ff | ffff ffff 

  0x000001595ef37a5c: ;   {virtual_call}
  0x000001595ef37a5c: ffff ffe8 

  0x000001595ef37a60: ; ImmutableOopMap {[120]=Oop [136]=Oop [152]=Oop [160]=Oop [248]=Oop [272]=Oop [280]=Oop [288]=Oop }
                      ;*invokevirtual recordClassDefine {reexecute=0 rethrow=0 return_oop=0}
                      ; - org.eclipse.osgi.internal.loader.classpath.ClasspathManager::defineClass@608 (line 789)
  0x000001595ef37a60: b458 2907 

  0x000001595ef37a64: ;   {other}
  0x000001595ef37a64: 0f1f 8400 | 5425 001f | 488b 8424 | 2001 0000 

  0x000001595ef37a74: ; implicit exception: dispatches to 0x000001595ef3855b
  0x000001595ef37a74: 483b 0048 

  0x000001595ef37a78: ;   {metadata(method data for {method} {0x000001597368da58} 'defineClass' '(Ljava/lang/String;[BLorg/eclipse/osgi/internal/loader/classpath/ClasspathEntry;Lorg/eclipse/osgi/storage/bundlefile/BundleEntry;Ljava/util/List;)Ljava/lang/Class;' in 'org/eclipse/osgi/internal/loader/classpath/ClasspathManager')}
  0x000001595ef37a78: 8bf8 48bb | b08e ab73 | 5901 0000 | 8b7f 0849 | ba00 0000 | 0059 0100 | 0049 03fa | 483b bbe0 
  0x000001595ef37a98: 0e00 0075 | 0d48 8383 | e80e 0000 | 01e9 6000 | 0000 483b | bbf0 0e00 | 0075 0d48 | 8383 f80e 
  0x000001595ef37ab8: 0000 01e9 | 4a00 0000 | 4883 bbe0 | 0e00 0000 | 7517 4889 | bbe0 0e00 | 0048 c783 | e80e 0000 
  0x000001595ef37ad8: 0100 0000 | e929 0000 | 0048 83bb | f00e 0000 | 0075 1748 | 89bb f00e | 0000 48c7 | 83f8 0e00 
  0x000001595ef37af8: 0001 0000 | 00e9 0800 | 0000 4883 | 83d0 0e00 | 0001 488b | d048 b8d8 | 8c1d 0059 

  0x000001595ef37b14: ;   {virtual_call}
  0x000001595ef37b14: 0100 00e8 

  0x000001595ef37b18: ; ImmutableOopMap {[120]=Oop [136]=Oop [152]=Oop [160]=Oop [248]=Oop [272]=Oop [280]=Oop [288]=Oop }
                      ;*invokeinterface hasNext {reexecute=0 rethrow=0 return_oop=0}
                      ; - org.eclipse.osgi.internal.loader.classpath.ClasspathManager::defineClass@613 (line 788)
  0x000001595ef37b18: 84df 7207 

  0x000001595ef37b1c: ;   {other}
  0x000001595ef37b1c: 0f1f 8400 | 0c26 0020 | 85c0 ba02 | 0000 0075 | 05ba 0000 

  0x000001595ef37b30: ;   {metadata(method data for {method} {0x000001597368da58} 'defineClass' '(Ljava/lang/String;[BLorg/eclipse/osgi/internal/loader/classpath/ClasspathEntry;Lorg/eclipse/osgi/storage/bundlefile/BundleEntry;Ljava/util/List;)Ljava/lang/Class;' in 'org/eclipse/osgi/internal/loader/classpath/ClasspathManager')}
  0x000001595ef37b30: 0000 48be | b08e ab73 | 5901 0000 | 8bbe d000 | 0000 03fa | 89be d000 | 0000 85d2 | 7505 bf02 
  0x000001595ef37b50: 0000 0081 | e7fe 3f00 | 0085 ff0f | 84ff 0900 | 004d 8b97 

  0x000001595ef37b64: ; ImmutableOopMap {[120]=Oop [136]=Oop [152]=Oop [160]=Oop [248]=Oop [272]=Oop [280]=Oop [288]=Oop }
                      ;*ifne {reexecute=1 rethrow=0 return_oop=0}
                      ; - (reexecute) org.eclipse.osgi.internal.loader.classpath.ClasspathManager::defineClass@618 (line 788)
  0x000001595ef37b64: 5004 0000 

  0x000001595ef37b68: ;   {poll}
  0x000001595ef37b68: 4185 0285 

  0x000001595ef37b6c: ;   {metadata(method data for {method} {0x000001597368da58} 'defineClass' '(Ljava/lang/String;[BLorg/eclipse/osgi/internal/loader/classpath/ClasspathEntry;Lorg/eclipse/osgi/storage/bundlefile/BundleEntry;Ljava/util/List;)Ljava/lang/Class;' in 'org/eclipse/osgi/internal/loader/classpath/ClasspathManager')}
  0x000001595ef37b6c: c048 bab0 | 8eab 7359 | 0100 0048 | c7c6 080f | 0000 7507 | 48c7 c618 | 0f00 0048 | 8b3c 3248 
  0x000001595ef37b8c: 8d7f 0148 | 893c 320f | 8547 fcff | ff48 8b84 | 2410 0100 | 0048 85c0 

  0x000001595ef37ba4: ;   {metadata(method data for {method} {0x000001597368da58} 'defineClass' '(Ljava/lang/String;[BLorg/eclipse/osgi/internal/loader/classpath/ClasspathEntry;Lorg/eclipse/osgi/storage/bundlefile/BundleEntry;Ljava/util/List;)Ljava/lang/Class;' in 'org/eclipse/osgi/internal/loader/classpath/ClasspathManager')}
  0x000001595ef37ba4: 49b8 b08e | ab73 5901 | 0000 48c7 | c228 0f00 | 0075 0748 | c7c2 380f | 0000 498b | 3410 488d 
  0x000001595ef37bc4: 7601 4989 | 3410 0f85 | 3000 0000 

  0x000001595ef37bd0: ;   {metadata(method data for {method} {0x000001597368da58} 'defineClass' '(Ljava/lang/String;[BLorg/eclipse/osgi/internal/loader/classpath/ClasspathEntry;Lorg/eclipse/osgi/storage/bundlefile/BundleEntry;Ljava/util/List;)Ljava/lang/Class;' in 'org/eclipse/osgi/internal/loader/classpath/ClasspathManager')}
  0x000001595ef37bd0: 48b8 b08e | ab73 5901 | 0000 ff80 | 480f 0000 

  0x000001595ef37be0: ;   {oop(nullptr)}
  0x000001595ef37be0: 48b8 0000 | 0000 0000 | 0000 4881 | c470 0100 

  0x000001595ef37bf0: ;   {poll_return}
  0x000001595ef37bf0: 005d 493b | a748 0400 | 000f 8782 | 0900 00c3 

  0x000001595ef37c00: ; implicit exception: dispatches to 0x000001595ef38597
  0x000001595ef37c00: 8b40 1048 | 81c4 7001 

  0x000001595ef37c08: ;   {poll_return}
  0x000001595ef37c08: 0000 5d49 | 3ba7 4804 | 0000 0f87 | 8409 0000 

  0x000001595ef37c18: ;   {oop(nullptr)}
  0x000001595ef37c18: c348 b800 | 0000 0000 | 0000 0048 | 81c4 7001 

  0x000001595ef37c28: ;   {poll_return}
  0x000001595ef37c28: 0000 5d49 | 3ba7 4804 | 0000 0f87 | 7a09 0000 

  0x000001595ef37c38: ;   {metadata(method data for {method} {0x000001597368da58} 'defineClass' '(Ljava/lang/String;[BLorg/eclipse/osgi/internal/loader/classpath/ClasspathEntry;Lorg/eclipse/osgi/storage/bundlefile/BundleEntry;Ljava/util/List;)Ljava/lang/Class;' in 'org/eclipse/osgi/internal/loader/classpath/ClasspathManager')}
  0x000001595ef37c38: c348 b8b0 | 8eab 7359 | 0100 00ff | 80e0 0200 

  0x000001595ef37c48: ;   {oop(nullptr)}
  0x000001595ef37c48: 0048 b800 | 0000 0000 | 0000 0048 | 81c4 7001 

  0x000001595ef37c58: ;   {poll_return}
  0x000001595ef37c58: 0000 5d49 | 3ba7 4804 | 0000 0f87 | 6009 0000 | c349 8b87 | f804 0000 | 4d33 d24d | 8997 f804 
  0x000001595ef37c78: 0000 4d33 | d24d 8997 | 0005 0000 | 8b52 1048 | 3b02 4c8b 

  0x000001595ef37c8c: ;   {metadata(method data for {method} {0x000001597368da58} 'defineClass' '(Ljava/lang/String;[BLorg/eclipse/osgi/internal/loader/classpath/ClasspathEntry;Lorg/eclipse/osgi/storage/bundlefile/BundleEntry;Ljava/util/List;)Ljava/lang/Class;' in 'org/eclipse/osgi/internal/loader/classpath/ClasspathManager')}
  0x000001595ef37c8c: c248 beb0 | 8eab 7359 | 0100 0045 | 8b40 0849 | ba00 0000 | 0059 0100 | 004d 03c2 | 4c3b 8620 
  0x000001595ef37cac: 0b00 0075 | 0d48 8386 | 280b 0000 | 01e9 6000 | 0000 4c3b | 8630 0b00 | 0075 0d48 | 8386 380b 
  0x000001595ef37ccc: 0000 01e9 | 4a00 0000 | 4883 be20 | 0b00 0000 | 7517 4c89 | 8620 0b00 | 0048 c786 | 280b 0000 
  0x000001595ef37cec: 0100 0000 | e929 0000 | 0048 83be | 300b 0000 | 0075 174c | 8986 300b | 0000 48c7 | 8638 0b00 
  0x000001595ef37d0c: 0001 0000 | 00e9 0800 | 0000 4883 | 8610 0b00 | 0001 4c8b | 8424 8800 | 0000 4889 | 8424 2801 
  0x000001595ef37d2c: 0000 0f1f | 8000 0000 | 0048 b8ff | ffff ffff 

  0x000001595ef37d3c: ;   {virtual_call}
  0x000001595ef37d3c: ffff ffe8 

  0x000001595ef37d40: ; ImmutableOopMap {[120]=Oop [136]=Oop [144]=Oop [152]=Oop [160]=Oop [248]=Oop [296]=Oop }
                      ;*invokeinterface remove {reexecute=0 rethrow=0 return_oop=0}
                      ; - org.eclipse.osgi.internal.loader.classpath.ClasspathManager::defineClass@440 (line 781)
  0x000001595ef37d40: 3c6d 1a07 

  0x000001595ef37d44: ;   {other}
  0x000001595ef37d44: 0f1f 8400 | 3428 0022 | 488b 8424 

  0x000001595ef37d50: ; ImmutableOopMap {rax=Oop [120]=Oop [136]=Oop [144]=Oop [152]=Oop [160]=Oop [248]=Oop }
                      ;*athrow {reexecute=1 rethrow=0 return_oop=0}
                      ; - (reexecute) org.eclipse.osgi.internal.loader.classpath.ClasspathManager::defineClass@448 (line 782)
  0x000001595ef37d50: 2801 0000 

  0x000001595ef37d54: ;   {section_word}
  0x000001595ef37d54: 48ba 547d | f35e 5901 

  0x000001595ef37d5c: ;   {runtime_call handle_exception_nofpu Runtime1 stub}
  0x000001595ef37d5c: 0000 e89d | 8a1c 0790 | 498b 87f8 | 0400 004d | 33d2 4d89 | 97f8 0400 | 004d 33d2 | 4d89 9700 
  0x000001595ef37d7c: 0500 008b | 520c 483b | 024c 8bc2 

  0x000001595ef37d88: ;   {metadata(method data for {method} {0x000001597368da58} 'defineClass' '(Ljava/lang/String;[BLorg/eclipse/osgi/internal/loader/classpath/ClasspathEntry;Lorg/eclipse/osgi/storage/bundlefile/BundleEntry;Ljava/util/List;)Ljava/lang/Class;' in 'org/eclipse/osgi/internal/loader/classpath/ClasspathManager')}
  0x000001595ef37d88: 48bf b08e | ab73 5901 | 0000 458b | 4008 49ba | 0000 0000 | 5901 0000 | 4d03 c24c | 3b87 8806 
  0x000001595ef37da8: 0000 750d | 4883 8790 | 0600 0001 | e960 0000 | 004c 3b87 | 9806 0000 | 750d 4883 | 87a0 0600 
  0x000001595ef37dc8: 0001 e94a | 0000 0048 | 83bf 8806 | 0000 0075 | 174c 8987 | 8806 0000 | 48c7 8790 | 0600 0001 
  0x000001595ef37de8: 0000 00e9 | 2900 0000 | 4883 bf98 | 0600 0000 | 7517 4c89 | 8798 0600 | 0048 c787 | a006 0000 
  0x000001595ef37e08: 0100 0000 | e908 0000 | 0048 8387 | 7806 0000 | 014c 8b84 | 2488 0000 | 0048 8984 | 2430 0100 
  0x000001595ef37e28: 000f 1f40 | 0048 b8ff | ffff ffff 

  0x000001595ef37e34: ;   {virtual_call}
  0x000001595ef37e34: ffff ffe8 

  0x000001595ef37e38: ; ImmutableOopMap {[120]=Oop [136]=Oop [144]=Oop [152]=Oop [160]=Oop [304]=Oop [312]=Oop }
                      ;*invokeinterface remove {reexecute=0 rethrow=0 return_oop=0}
                      ; - org.eclipse.osgi.internal.loader.classpath.ClasspathManager::defineClass@235 (line 759)
  0x000001595ef37e38: 446c 1a07 

  0x000001595ef37e3c: ;   {other}
  0x000001595ef37e3c: 0f1f 8400 | 2c29 0024 | 488b 8424 

  0x000001595ef37e48: ; ImmutableOopMap {rax=Oop [120]=Oop [136]=Oop [144]=Oop [152]=Oop [160]=Oop [312]=Oop }
                      ;*athrow {reexecute=1 rethrow=0 return_oop=0}
                      ; - (reexecute) org.eclipse.osgi.internal.loader.classpath.ClasspathManager::defineClass@243 (line 760)
  0x000001595ef37e48: 3001 0000 

  0x000001595ef37e4c: ;   {section_word}
  0x000001595ef37e4c: 48ba 4c7e | f35e 5901 

  0x000001595ef37e54: ;   {runtime_call handle_exception_nofpu Runtime1 stub}
  0x000001595ef37e54: 0000 e8a5 | 891c 0790 | 498b 87f8 | 0400 004d | 33d2 4d89 | 97f8 0400 | 004d 33d2 | 4d89 9700 
  0x000001595ef37e74: ;   {metadata(method data for {method} {0x000001597368da58} 'defineClass' '(Ljava/lang/String;[BLorg/eclipse/osgi/internal/loader/classpath/ClasspathEntry;Lorg/eclipse/osgi/storage/bundlefile/BundleEntry;Ljava/util/List;)Ljava/lang/Class;' in 'org/eclipse/osgi/internal/loader/classpath/ClasspathManager')}
  0x000001595ef37e74: 0500 0048 | bfb0 8eab | 7359 0100 | 00ff 87a8 | 0b00 0048 

  0x000001595ef37e88: ;   {metadata(method data for {method} {0x000001597368da58} 'defineClass' '(Ljava/lang/String;[BLorg/eclipse/osgi/internal/loader/classpath/ClasspathEntry;Lorg/eclipse/osgi/storage/bundlefile/BundleEntry;Ljava/util/List;)Ljava/lang/Class;' in 'org/eclipse/osgi/internal/loader/classpath/ClasspathManager')}
  0x000001595ef37e88: 85d2 48bf | b08e ab73 | 5901 0000 | 48c7 c3b8 | 0b00 0074 | 0748 c7c3 | c80b 0000 | 488b 0c1f 
  0x000001595ef37ea8: 488d 4901 | 4889 0c1f | 0f84 3200 | 0000 0fbe | 7a0c 85ff 

  0x000001595ef37ebc: ;   {metadata(method data for {method} {0x000001597368da58} 'defineClass' '(Ljava/lang/String;[BLorg/eclipse/osgi/internal/loader/classpath/ClasspathEntry;Lorg/eclipse/osgi/storage/bundlefile/BundleEntry;Ljava/util/List;)Ljava/lang/Class;' in 'org/eclipse/osgi/internal/loader/classpath/ClasspathManager')}
  0x000001595ef37ebc: 48bf b08e | ab73 5901 | 0000 48c7 | c3e8 0b00 | 0075 0748 | c7c3 d80b | 0000 488b | 0c1f 488d 
  0x000001595ef37edc: 4901 4889 | 0c1f 0f85 | 0f00 0000 

  0x000001595ef37ee8: ;   {oop(nullptr)}
  0x000001595ef37ee8: 48bf 0000 | 0000 0000 | 0000 e916 | 0000 008b 

  0x000001595ef37ef8: ;   {metadata(method data for {method} {0x000001597368da58} 'defineClass' '(Ljava/lang/String;[BLorg/eclipse/osgi/internal/loader/classpath/ClasspathEntry;Lorg/eclipse/osgi/storage/bundlefile/BundleEntry;Ljava/util/List;)Ljava/lang/Class;' in 'org/eclipse/osgi/internal/loader/classpath/ClasspathManager')}
  0x000001595ef37ef8: 5210 48bf | b08e ab73 | 5901 0000 | ff87 f80b | 0000 488b | fa48 89bc | 2440 0100 | 0048 8984 
  0x000001595ef37f18: 2450 0100 | 0048 8b8c | 2490 0000 | 0048 3b01 

  0x000001595ef37f28: ;   {metadata(method data for {method} {0x000001597368da58} 'defineClass' '(Ljava/lang/String;[BLorg/eclipse/osgi/internal/loader/classpath/ClasspathEntry;Lorg/eclipse/osgi/storage/bundlefile/BundleEntry;Ljava/util/List;)Ljava/lang/Class;' in 'org/eclipse/osgi/internal/loader/classpath/ClasspathManager')}
  0x000001595ef37f28: 488b d148 | bbb0 8eab | 7359 0100 | 008b 5208 | 49ba 0000 | 0000 5901 | 0000 4903 | d248 3b93 
  0x000001595ef37f48: 200c 0000 | 750d 4883 | 8328 0c00 | 0001 e960 | 0000 0048 | 3b93 300c | 0000 750d | 4883 8338 
  0x000001595ef37f68: 0c00 0001 | e94a 0000 | 0048 83bb | 200c 0000 | 0075 1748 | 8993 200c | 0000 48c7 | 8328 0c00 
  0x000001595ef37f88: 0001 0000 | 00e9 2900 | 0000 4883 | bb30 0c00 | 0000 7517 | 4889 9330 | 0c00 0048 | c783 380c 
  0x000001595ef37fa8: 0000 0100 | 0000 e908 | 0000 0048 | 8383 100c | 0000 0148 | 8bd1 0f1f | 8000 0000 | 0048 b8ff 
  0x000001595ef37fc8: ffff ffff 

  0x000001595ef37fcc: ;   {virtual_call}
  0x000001595ef37fcc: ffff ffe8 

  0x000001595ef37fd0: ; ImmutableOopMap {[120]=Oop [136]=Oop [152]=Oop [160]=Oop [320]=Oop [328]=Oop [336]=Oop }
                      ;*invokeinterface iterator {reexecute=0 rethrow=0 return_oop=0}
                      ; - org.eclipse.osgi.internal.loader.classpath.ClasspathManager::defineClass@497 (line 788)
  0x000001595ef37fd0: ac6a 1a07 

  0x000001595ef37fd4: ;   {other}
  0x000001595ef37fd4: 0f1f 8400 | c42a 0026 | 4889 8424 | 5801 0000 

  0x000001595ef37fe4: ;   {metadata(method data for {method} {0x000001597368da58} 'defineClass' '(Ljava/lang/String;[BLorg/eclipse/osgi/internal/loader/classpath/ClasspathEntry;Lorg/eclipse/osgi/storage/bundlefile/BundleEntry;Ljava/util/List;)Ljava/lang/Class;' in 'org/eclipse/osgi/internal/loader/classpath/ClasspathManager')}
  0x000001595ef37fe4: 48ba b08e | ab73 5901 | 0000 ff82 | 480c 0000 | e99b 0200 | 000f 1f80 | 0000 0000 | 488b 8424 
  0x000001595ef38004: 5801 0000 

  0x000001595ef38008: ;   {metadata(method data for {method} {0x000001597368da58} 'defineClass' '(Ljava/lang/String;[BLorg/eclipse/osgi/internal/loader/classpath/ClasspathEntry;Lorg/eclipse/osgi/storage/bundlefile/BundleEntry;Ljava/util/List;)Ljava/lang/Class;' in 'org/eclipse/osgi/internal/loader/classpath/ClasspathManager')}
  0x000001595ef38008: 48be b08e | ab73 5901 | 0000 8b40 | 0849 ba00 | 0000 0059 | 0100 0049 | 03c2 483b | 8670 0c00 
  0x000001595ef38028: 0075 0d48 | 8386 780c | 0000 01e9 | 6000 0000 | 483b 8680 | 0c00 0075 | 0d48 8386 | 880c 0000 
  0x000001595ef38048: 01e9 4a00 | 0000 4883 | be70 0c00 | 0000 7517 | 4889 8670 | 0c00 0048 | c786 780c | 0000 0100 
  0x000001595ef38068: 0000 e929 | 0000 0048 | 83be 800c | 0000 0075 | 1748 8986 | 800c 0000 | 48c7 8688 | 0c00 0001 
  0x000001595ef38088: 0000 00e9 | 0800 0000 | 4883 8660 | 0c00 0001 | 488b 9424 | 5801 0000 | 0f1f 4400 | 0048 b8ff 
  0x000001595ef380a8: ffff ffff 

  0x000001595ef380ac: ;   {virtual_call}
  0x000001595ef380ac: ffff ffe8 

  0x000001595ef380b0: ; ImmutableOopMap {[120]=Oop [136]=Oop [152]=Oop [160]=Oop [320]=Oop [328]=Oop [336]=Oop [344]=Oop }
                      ;*invokeinterface next {reexecute=0 rethrow=0 return_oop=0}
                      ; - org.eclipse.osgi.internal.loader.classpath.ClasspathManager::defineClass@509 (line 788)
  0x000001595ef380b0: cc69 1a07 

  0x000001595ef380b4: ;   {other}
  0x000001595ef380b4: 0f1f 8400 | a42b 0027 | 4885 c075 

  0x000001595ef380c0: ;   {metadata(method data for {method} {0x000001597368da58} 'defineClass' '(Ljava/lang/String;[BLorg/eclipse/osgi/internal/loader/classpath/ClasspathEntry;Lorg/eclipse/osgi/storage/bundlefile/BundleEntry;Ljava/util/List;)Ljava/lang/Class;' in 'org/eclipse/osgi/internal/loader/classpath/ClasspathManager')}
  0x000001595ef380c0: 1749 b9b0 | 8eab 7359 | 0100 0041 | 8089 910c | 0000 01e9 | ce00 0000 

  0x000001595ef380d8: ;   {metadata('org/eclipse/osgi/internal/hookregistry/ClassLoaderHook')}
  0x000001595ef380d8: 48bf 78eb | 0801 5901 | 0000 448b | 4808 49ba | 0000 0000 | 5901 0000 | 4d03 ca49 | 3b79 380f 
  0x000001595ef380f8: 858d 0000 

  0x000001595ef380fc: ;   {metadata(method data for {method} {0x000001597368da58} 'defineClass' '(Ljava/lang/String;[BLorg/eclipse/osgi/internal/loader/classpath/ClasspathEntry;Lorg/eclipse/osgi/storage/bundlefile/BundleEntry;Ljava/util/List;)Ljava/lang/Class;' in 'org/eclipse/osgi/internal/loader/classpath/ClasspathManager')}
  0x000001595ef380fc: 0049 b9b0 | 8eab 7359 | 0100 008b | 7808 49ba | 0000 0000 | 5901 0000 | 4903 fa49 | 3bb9 a80c 
  0x000001595ef3811c: 0000 750d | 4983 81b0 | 0c00 0001 | e979 0000 | 0049 3bb9 | b80c 0000 | 750d 4983 | 81c0 0c00 
  0x000001595ef3813c: 0001 e963 | 0000 0049 | 83b9 a80c | 0000 0075 | 1749 89b9 | a80c 0000 | 49c7 81b0 | 0c00 0001 
  0x000001595ef3815c: 0000 00e9 | 4200 0000 | 4983 b9b8 | 0c00 0000 | 7517 4989 | b9b8 0c00 | 0049 c781 | c00c 0000 
  0x000001595ef3817c: 0100 0000 | e921 0000 | 00e9 1c00 

  0x000001595ef38188: ;   {metadata(method data for {method} {0x000001597368da58} 'defineClass' '(Ljava/lang/String;[BLorg/eclipse/osgi/internal/loader/classpath/ClasspathEntry;Lorg/eclipse/osgi/storage/bundlefile/BundleEntry;Ljava/util/List;)Ljava/lang/Class;' in 'org/eclipse/osgi/internal/loader/classpath/ClasspathManager')}
  0x000001595ef38188: 0000 49b9 | b08e ab73 | 5901 0000 | 4983 a998 | 0c00 0001 | e951 0400 | 00e9 0000 | 0000 488b 
  0x000001595ef381a8: d048 3b02 

  0x000001595ef381ac: ;   {metadata(method data for {method} {0x000001597368da58} 'defineClass' '(Ljava/lang/String;[BLorg/eclipse/osgi/internal/loader/classpath/ClasspathEntry;Lorg/eclipse/osgi/storage/bundlefile/BundleEntry;Ljava/util/List;)Ljava/lang/Class;' in 'org/eclipse/osgi/internal/loader/classpath/ClasspathManager')}
  0x000001595ef381ac: 4c8b c249 | b9b0 8eab | 7359 0100 | 0045 8b40 | 0849 ba00 | 0000 0059 | 0100 004d | 03c2 4d3b 
  0x000001595ef381cc: 81e0 0c00 | 0075 0d49 | 8381 e80c | 0000 01e9 | 6000 0000 | 4d3b 81f0 | 0c00 0075 | 0d49 8381 
  0x000001595ef381ec: f80c 0000 | 01e9 4a00 | 0000 4983 | b9e0 0c00 | 0000 7517 | 4d89 81e0 | 0c00 0049 | c781 e80c 
  0x000001595ef3820c: 0000 0100 | 0000 e929 | 0000 0049 | 83b9 f00c | 0000 0075 | 174d 8981 | f00c 0000 | 49c7 81f8 
  0x000001595ef3822c: 0c00 0001 | 0000 00e9 | 0800 0000 | 4983 81d0 | 0c00 0001 | 4c8b 8424 | 8800 0000 | 4c8b 8c24 
  0x000001595ef3824c: 4001 0000 | 488b bc24 | 4801 0000 | 488b b424 | a000 0000 | 488b 8c24 | 9800 0000 | 488b 5c24 
  0x000001595ef3826c: 7848 891c | 240f 1f40 | 0048 b8ff | ffff ffff 

  0x000001595ef3827c: ;   {virtual_call}
  0x000001595ef3827c: ffff ffe8 

  0x000001595ef38280: ; ImmutableOopMap {[120]=Oop [136]=Oop [152]=Oop [160]=Oop [320]=Oop [328]=Oop [336]=Oop [344]=Oop }
                      ;*invokevirtual recordClassDefine {reexecute=0 rethrow=0 return_oop=0}
                      ; - org.eclipse.osgi.internal.loader.classpath.ClasspathManager::defineClass@529 (line 789)
  0x000001595ef38280: fc67 1a07 

  0x000001595ef38284: ;   {other}
  0x000001595ef38284: 0f1f 8400 | 742d 0028 | 488b 8424 | 5801 0000 

  0x000001595ef38294: ; implicit exception: dispatches to 0x000001595ef38600
  0x000001595ef38294: 483b 004c 

  0x000001595ef38298: ;   {metadata(method data for {method} {0x000001597368da58} 'defineClass' '(Ljava/lang/String;[BLorg/eclipse/osgi/internal/loader/classpath/ClasspathEntry;Lorg/eclipse/osgi/storage/bundlefile/BundleEntry;Ljava/util/List;)Ljava/lang/Class;' in 'org/eclipse/osgi/internal/loader/classpath/ClasspathManager')}
  0x000001595ef38298: 8bc8 49bb | b08e ab73 | 5901 0000 | 458b 4908 | 49ba 0000 | 0000 5901 | 0000 4d03 | ca4d 3b8b 
  0x000001595ef382b8: 180d 0000 | 750d 4983 | 8320 0d00 | 0001 e960 | 0000 004d | 3b8b 280d | 0000 750d | 4983 8330 
  0x000001595ef382d8: 0d00 0001 | e94a 0000 | 0049 83bb | 180d 0000 | 0075 174d | 898b 180d | 0000 49c7 | 8320 0d00 
  0x000001595ef382f8: 0001 0000 | 00e9 2900 | 0000 4983 | bb28 0d00 | 0000 7517 | 4d89 8b28 | 0d00 0049 | c783 300d 
  0x000001595ef38318: 0000 0100 | 0000 e908 | 0000 0049 | 8383 080d | 0000 0148 | 8bd0 0f1f | 8000 0000 | 0048 b8ff 
  0x000001595ef38338: ffff ffff 

  0x000001595ef3833c: ;   {virtual_call}
  0x000001595ef3833c: ffff ffe8 

  0x000001595ef38340: ; ImmutableOopMap {[120]=Oop [136]=Oop [152]=Oop [160]=Oop [320]=Oop [328]=Oop [336]=Oop [344]=Oop }
                      ;*invokeinterface hasNext {reexecute=0 rethrow=0 return_oop=0}
                      ; - org.eclipse.osgi.internal.loader.classpath.ClasspathManager::defineClass@534 (line 788)
  0x000001595ef38340: 3c67 1a07 

  0x000001595ef38344: ;   {other}
  0x000001595ef38344: 0f1f 8400 | 342e 0029 | 85c0 ba02 | 0000 0075 | 05ba 0000 

  0x000001595ef38358: ;   {metadata(method data for {method} {0x000001597368da58} 'defineClass' '(Ljava/lang/String;[BLorg/eclipse/osgi/internal/loader/classpath/ClasspathEntry;Lorg/eclipse/osgi/storage/bundlefile/BundleEntry;Ljava/util/List;)Ljava/lang/Class;' in 'org/eclipse/osgi/internal/loader/classpath/ClasspathManager')}
  0x000001595ef38358: 0000 48be | b08e ab73 | 5901 0000 | 8bbe d000 | 0000 03fa | 89be d000 | 0000 85d2 | 7505 bf02 
  0x000001595ef38378: 0000 0081 | e7fe 3f00 | 0085 ff0f | 847c 0200 | 004d 8b97 

  0x000001595ef3838c: ; ImmutableOopMap {[120]=Oop [136]=Oop [152]=Oop [160]=Oop [320]=Oop [328]=Oop [336]=Oop [344]=Oop }
                      ;*ifne {reexecute=1 rethrow=0 return_oop=0}
                      ; - (reexecute) org.eclipse.osgi.internal.loader.classpath.ClasspathManager::defineClass@539 (line 788)
  0x000001595ef3838c: 5004 0000 

  0x000001595ef38390: ;   {poll}
  0x000001595ef38390: 4185 0285 

  0x000001595ef38394: ;   {metadata(method data for {method} {0x000001597368da58} 'defineClass' '(Ljava/lang/String;[BLorg/eclipse/osgi/internal/loader/classpath/ClasspathEntry;Lorg/eclipse/osgi/storage/bundlefile/BundleEntry;Ljava/util/List;)Ljava/lang/Class;' in 'org/eclipse/osgi/internal/loader/classpath/ClasspathManager')}
  0x000001595ef38394: c048 bab0 | 8eab 7359 | 0100 0048 | c7c6 400d | 0000 7507 | 48c7 c650 | 0d00 0048 | 8b3c 3248 
  0x000001595ef383b4: 8d7f 0148 | 893c 320f | 853f fcff | ff48 8b84 | 2450 0100 | 00e9 a608 

  0x000001595ef383cc: ;   {metadata({method} {0x000001597368da58} 'defineClass' '(Ljava/lang/String;[BLorg/eclipse/osgi/internal/loader/classpath/ClasspathEntry;Lorg/eclipse/osgi/storage/bundlefile/BundleEntry;Ljava/util/List;)Ljava/lang/Class;' in 'org/eclipse/osgi/internal/loader/classpath/ClasspathManager')}
  0x000001595ef383cc: 0000 49ba | 50da 6873 | 5901 0000 | 4c89 5424 | 0848 c704 | 24ff ffff 

  0x000001595ef383e4: ;   {runtime_call counter_overflow Runtime1 stub}
  0x000001595ef383e4: ffe8 96d8 

  0x000001595ef383e8: ; ImmutableOopMap {rdx=Oop r8=Oop r9=Oop rdi=Oop rsi=Oop rcx=Oop [120]=Oop [128]=Oop [136]=Oop [144]=Oop [152]=Oop [160]=Oop }
                      ;*synchronization entry
                      ; - org.eclipse.osgi.internal.loader.classpath.ClasspathManager::defineClass@-1 (line 730)
  0x000001595ef383e8: 2507 e963 

  0x000001595ef383ec: ;   {runtime_call throw_null_pointer_exception Runtime1 stub}
  0x000001595ef383ec: d7ff ffe8 

  0x000001595ef383f0: ; ImmutableOopMap {rdx=Oop rsi=Oop [120]=Oop [128]=Oop [136]=Oop [144]=Oop [152]=Oop [160]=Oop }
                      ;*invokevirtual get {reexecute=0 rethrow=0 return_oop=0}
                      ; - org.eclipse.osgi.internal.loader.classpath.ClasspathManager::defineClass@16 (line 734)
  0x000001595ef383f0: 0c9c 1c07 | 4889 0424 

  0x000001595ef383f8: ;   {runtime_call throw_class_cast_exception Runtime1 stub}
  0x000001595ef383f8: e883 ab25 

  0x000001595ef383fc: ; ImmutableOopMap {[120]=Oop [128]=Oop [136]=Oop [144]=Oop [152]=Oop [160]=Oop }
                      ;*checkcast {reexecute=0 rethrow=0 return_oop=0}
                      ; - org.eclipse.osgi.internal.loader.classpath.ClasspathManager::defineClass@19 (line 734)
  0x000001595ef383fc: 0748 8bd2 

  0x000001595ef38400: ;   {runtime_call fast_new_instance Runtime1 stub}
  0x000001595ef38400: e8fb 921c 

  0x000001595ef38404: ; ImmutableOopMap {[120]=Oop [128]=Oop [136]=Oop [144]=Oop [152]=Oop [160]=Oop }
                      ;*new {reexecute=0 rethrow=0 return_oop=0}
                      ; - org.eclipse.osgi.internal.loader.classpath.ClasspathManager::defineClass@29 (line 736)
  0x000001595ef38404: 07e9 9bd9 

  0x000001595ef38408: ;   {metadata({method} {0x000001597373c830} '<init>' '()V' in 'org/eclipse/osgi/internal/loader/classpath/ClasspathManager$DefineContext')}
  0x000001595ef38408: ffff 49ba | 28c8 7373 | 5901 0000 | 4c89 5424 | 0848 c704 | 24ff ffff 

  0x000001595ef38420: ;   {runtime_call counter_overflow Runtime1 stub}
  0x000001595ef38420: ffe8 5ad8 

  0x000001595ef38424: ; ImmutableOopMap {rax=Oop [120]=Oop [128]=Oop [136]=Oop [144]=Oop [152]=Oop [160]=Oop [176]=Oop }
                      ;*synchronization entry
                      ; - org.eclipse.osgi.internal.loader.classpath.ClasspathManager$DefineContext::<init>@-1 (line 704)
                      ; - org.eclipse.osgi.internal.loader.classpath.ClasspathManager::defineClass@33 (line 736)
  0x000001595ef38424: 2507 e9be 

  0x000001595ef38428: ;   {metadata({method} {0x0000015900476568} '<init>' '()V' in 'java/lang/Object')}
  0x000001595ef38428: d9ff ff49 | ba60 6547 | 0059 0100 | 004c 8954 | 2408 48c7 | 0424 ffff 

  0x000001595ef38440: ;   {runtime_call counter_overflow Runtime1 stub}
  0x000001595ef38440: ffff e839 

  0x000001595ef38444: ; ImmutableOopMap {rax=Oop [120]=Oop [128]=Oop [136]=Oop [144]=Oop [152]=Oop [160]=Oop [176]=Oop }
                      ;*synchronization entry
                      ; - java.lang.Object::<init>@-1
                      ; - org.eclipse.osgi.internal.loader.classpath.ClasspathManager$DefineContext::<init>@1 (line 704)
                      ; - org.eclipse.osgi.internal.loader.classpath.ClasspathManager::defineClass@33 (line 736)
  0x000001595ef38444: d825 07e9 | d9d9 ffff 

  0x000001595ef3844c: ;   {runtime_call fast_new_instance Runtime1 stub}
  0x000001595ef3844c: 488b d2e8 

  0x000001595ef38450: ; ImmutableOopMap {[120]=Oop [128]=Oop [136]=Oop [144]=Oop [152]=Oop [160]=Oop [176]=Oop }
                      ;*new {reexecute=0 rethrow=0 return_oop=0}
                      ; - org.eclipse.osgi.internal.loader.classpath.ClasspathManager$DefineContext::<init>@5 (line 705)
                      ; - org.eclipse.osgi.internal.loader.classpath.ClasspathManager::defineClass@33 (line 736)
  0x000001595ef38450: ac92 1c07 | e91c daff | ff48 8bd2 

  0x000001595ef3845c: ;   {runtime_call fast_new_instance Runtime1 stub}
  0x000001595ef3845c: e89f 921c 

  0x000001595ef38460: ; ImmutableOopMap {[120]=Oop [128]=Oop [136]=Oop [144]=Oop [152]=Oop [160]=Oop [176]=Oop }
                      ;*new {reexecute=0 rethrow=0 return_oop=0}
                      ; - org.eclipse.osgi.internal.loader.classpath.ClasspathManager$DefineContext::<init>@17 (line 706)
                      ; - org.eclipse.osgi.internal.loader.classpath.ClasspathManager::defineClass@33 (line 736)
  0x000001595ef38460: 07e9 c2da 

  0x000001595ef38464: ;   {runtime_call throw_null_pointer_exception Runtime1 stub}
  0x000001595ef38464: ffff e895 

  0x000001595ef38468: ; ImmutableOopMap {rax=Oop rdx=Oop rsi=Oop [120]=Oop [128]=Oop [136]=Oop [144]=Oop [152]=Oop [160]=Oop [176]=Oop }
                      ;*invokevirtual set {reexecute=0 rethrow=0 return_oop=0}
                      ; - org.eclipse.osgi.internal.loader.classpath.ClasspathManager::defineClass@44 (line 737)
                      ;   {runtime_call throw_null_pointer_exception Runtime1 stub}
  0x000001595ef38468: 9b1c 07e8 

  0x000001595ef3846c: ; ImmutableOopMap {rdx=Oop rsi=Oop r8=Oop [120]=Oop [128]=Oop [136]=Oop [144]=Oop [152]=Oop [160]=Oop }
                      ;*invokevirtual getContainer {reexecute=0 rethrow=0 return_oop=0}
                      ; - org.eclipse.osgi.internal.loader.classpath.ClasspathManager::defineClass@51 (line 741)
  0x000001595ef3846c: 909b 1c07 

  0x000001595ef38470: ;   {runtime_call throw_null_pointer_exception Runtime1 stub}
  0x000001595ef38470: e88b 9b1c 

  0x000001595ef38474: ; ImmutableOopMap {rdx=Oop rsi=Oop r8=Oop [120]=Oop [128]=Oop [136]=Oop [144]=Oop [152]=Oop [160]=Oop }
                      ;*invokevirtual isProcessClassRecursionSupportedByAll {reexecute=0 rethrow=0 return_oop=0}
                      ; - org.eclipse.osgi.internal.loader.classpath.ClasspathManager::defineClass@54 (line 741)
                      ;   {runtime_call throw_null_pointer_exception Runtime1 stub}
  0x000001595ef38474: 07e8 869b 

  0x000001595ef38478: ; ImmutableOopMap {rdx=Oop [120]=Oop [128]=Oop [136]=Oop [144]=Oop [152]=Oop [160]=Oop }
                      ;*getfield currentlyProcessing {reexecute=1 rethrow=0 return_oop=0}
                      ; - (reexecute) org.eclipse.osgi.internal.loader.classpath.ClasspathManager::defineClass@62 (line 744)
                      ;   {runtime_call throw_null_pointer_exception Runtime1 stub}
  0x000001595ef38478: 1c07 e881 

  0x000001595ef3847c: ; ImmutableOopMap {rdx=Oop rdi=Oop [120]=Oop [128]=Oop [136]=Oop [144]=Oop [152]=Oop [160]=Oop }
                      ;*invokeinterface contains {reexecute=0 rethrow=0 return_oop=0}
                      ; - org.eclipse.osgi.internal.loader.classpath.ClasspathManager::defineClass@66 (line 744)
                      ;   {runtime_call throw_null_pointer_exception Runtime1 stub}
  0x000001595ef3847c: 9b1c 07e8 

  0x000001595ef38480: ; ImmutableOopMap {rdx=Oop rsi=Oop [120]=Oop [128]=Oop [136]=Oop [144]=Oop [152]=Oop [160]=Oop }
                      ;*invokeinterface add {reexecute=0 rethrow=0 return_oop=0}
                      ; - org.eclipse.osgi.internal.loader.classpath.ClasspathManager::defineClass@161 (line 750)
  0x000001595ef38480: 7c9b 1c07 

  0x000001595ef38484: ;   {runtime_call throw_null_pointer_exception Runtime1 stub}
  0x000001595ef38484: e877 9b1c 

  0x000001595ef38488: ; ImmutableOopMap {rcx=Oop [120]=Oop [128]=Oop [136]=Oop [144]=Oop [152]=Oop [160]=Oop [200]=Oop }
                      ;*invokeinterface iterator {reexecute=0 rethrow=0 return_oop=0}
                      ; - org.eclipse.osgi.internal.loader.classpath.ClasspathManager::defineClass@169 (line 753)
  0x000001595ef38488: 0748 8904 

  0x000001595ef3848c: ;   {runtime_call throw_class_cast_exception Runtime1 stub}
  0x000001595ef3848c: 24e8 eeaa 

  0x000001595ef38490: ; ImmutableOopMap {[120]=Oop [136]=Oop [144]=Oop [152]=Oop [160]=Oop [200]=Oop [208]=Oop [216]=Oop }
                      ;*checkcast {reexecute=0 rethrow=0 return_oop=0}
                      ; - org.eclipse.osgi.internal.loader.classpath.ClasspathManager::defineClass@186 (line 753)
                      ;   {runtime_call throw_null_pointer_exception Runtime1 stub}
  0x000001595ef38490: 2507 e869 

  0x000001595ef38494: ; ImmutableOopMap {rsi=Oop [120]=Oop [136]=Oop [144]=Oop [152]=Oop [160]=Oop [200]=Oop [208]=Oop [216]=Oop }
                      ;*invokevirtual isProcessClassRecursionSupported {reexecute=0 rethrow=0 return_oop=0}
                      ; - org.eclipse.osgi.internal.loader.classpath.ClasspathManager::defineClass@193 (line 754)
                      ;   {runtime_call throw_null_pointer_exception Runtime1 stub}
  0x000001595ef38494: 9b1c 07e8 

  0x000001595ef38498: ; ImmutableOopMap {rax=Oop [120]=Oop [136]=Oop [144]=Oop [152]=Oop [160]=Oop [200]=Oop [208]=Oop [216]=Oop }
                      ;*invokeinterface hasNext {reexecute=0 rethrow=0 return_oop=0}
                      ; - org.eclipse.osgi.internal.loader.classpath.ClasspathManager::defineClass@216 (line 753)
  0x000001595ef38498: 649b 1c07 

  0x000001595ef3849c: ;   {metadata({method} {0x000001597368da58} 'defineClass' '(Ljava/lang/String;[BLorg/eclipse/osgi/internal/loader/classpath/ClasspathEntry;Lorg/eclipse/osgi/storage/bundlefile/BundleEntry;Ljava/util/List;)Ljava/lang/Class;' in 'org/eclipse/osgi/internal/loader/classpath/ClasspathManager')}
  0x000001595ef3849c: 49ba 50da | 6873 5901 | 0000 4c89 | 5424 0848 | c704 24dd 

  0x000001595ef384b0: ;   {runtime_call counter_overflow Runtime1 stub}
  0x000001595ef384b0: 0000 00e8 

  0x000001595ef384b4: ; ImmutableOopMap {[120]=Oop [136]=Oop [144]=Oop [152]=Oop [160]=Oop [200]=Oop [208]=Oop [216]=Oop }
                      ;*ifne {reexecute=1 rethrow=0 return_oop=0}
                      ; - (reexecute) org.eclipse.osgi.internal.loader.classpath.ClasspathManager::defineClass@221 (line 753)
  0x000001595ef384b4: c8d7 2507 | e9ec e2ff 

  0x000001595ef384bc: ;   {runtime_call throw_null_pointer_exception Runtime1 stub}
  0x000001595ef384bc: ffe8 3e9b 

  0x000001595ef384c0: ; ImmutableOopMap {rdx=Oop rsi=Oop [120]=Oop [136]=Oop [144]=Oop [152]=Oop [160]=Oop [216]=Oop }
                      ;*invokeinterface remove {reexecute=0 rethrow=0 return_oop=0}
                      ; - org.eclipse.osgi.internal.loader.classpath.ClasspathManager::defineClass@250 (line 759)
                      ;   {runtime_call throw_null_pointer_exception Runtime1 stub}
  0x000001595ef384c0: 1c07 e839 

  0x000001595ef384c4: ; ImmutableOopMap {rcx=Oop [120]=Oop [136]=Oop [144]=Oop [152]=Oop [160]=Oop [200]=Oop [232]=Oop }
                      ;*invokeinterface iterator {reexecute=0 rethrow=0 return_oop=0}
                      ; - org.eclipse.osgi.internal.loader.classpath.ClasspathManager::defineClass@258 (line 764)
  0x000001595ef384c4: 9b1c 0748 

  0x000001595ef384c8: ;   {runtime_call throw_class_cast_exception Runtime1 stub}
  0x000001595ef384c8: 8904 24e8 

  0x000001595ef384cc: ; ImmutableOopMap {[120]=Oop [136]=Oop [144]=Oop [152]=Oop [160]=Oop [200]=Oop [240]=Oop [248]=Oop }
                      ;*checkcast {reexecute=0 rethrow=0 return_oop=0}
                      ; - org.eclipse.osgi.internal.loader.classpath.ClasspathManager::defineClass@275 (line 764)
  0x000001595ef384cc: b0aa 2507 

  0x000001595ef384d0: ;   {runtime_call throw_null_pointer_exception Runtime1 stub}
  0x000001595ef384d0: e82b 9b1c 

  0x000001595ef384d4: ; ImmutableOopMap {rsi=Oop [120]=Oop [136]=Oop [144]=Oop [152]=Oop [160]=Oop [200]=Oop [240]=Oop [248]=Oop }
                      ;*invokevirtual isProcessClassRecursionSupported {reexecute=0 rethrow=0 return_oop=0}
                      ; - org.eclipse.osgi.internal.loader.classpath.ClasspathManager::defineClass@282 (line 765)
                      ;   {runtime_call throw_null_pointer_exception Runtime1 stub}
  0x000001595ef384d4: 07e8 269b 

  0x000001595ef384d8: ; ImmutableOopMap {rax=Oop [120]=Oop [136]=Oop [144]=Oop [152]=Oop [160]=Oop [200]=Oop [240]=Oop [248]=Oop }
                      ;*invokeinterface hasNext {reexecute=0 rethrow=0 return_oop=0}
                      ; - org.eclipse.osgi.internal.loader.classpath.ClasspathManager::defineClass@305 (line 764)
                      ;   {metadata({method} {0x000001597368da58} 'defineClass' '(Ljava/lang/String;[BLorg/eclipse/osgi/internal/loader/classpath/ClasspathEntry;Lorg/eclipse/osgi/storage/bundlefile/BundleEntry;Ljava/util/List;)Ljava/lang/Class;' in 'org/eclipse/osgi/internal/loader/classpath/ClasspathManager')}
  0x000001595ef384d8: 1c07 49ba | 50da 6873 | 5901 0000 | 4c89 5424 | 0848 c704 | 2436 0100 

  0x000001595ef384f0: ;   {runtime_call counter_overflow Runtime1 stub}
  0x000001595ef384f0: 00e8 8ad7 

  0x000001595ef384f4: ; ImmutableOopMap {[120]=Oop [136]=Oop [144]=Oop [152]=Oop [160]=Oop [200]=Oop [240]=Oop [248]=Oop }
                      ;*ifne {reexecute=1 rethrow=0 return_oop=0}
                      ; - (reexecute) org.eclipse.osgi.internal.loader.classpath.ClasspathManager::defineClass@310 (line 764)
  0x000001595ef384f4: 2507 e9e6 

  0x000001595ef384f8: ;   {runtime_call throw_null_pointer_exception Runtime1 stub}
  0x000001595ef384f8: e8ff ffe8 

  0x000001595ef384fc: ; ImmutableOopMap {rdx=Oop [120]=Oop [136]=Oop [144]=Oop [152]=Oop [160]=Oop [248]=Oop }
                      ;*getfield currentlyDefining {reexecute=1 rethrow=0 return_oop=0}
                      ; - (reexecute) org.eclipse.osgi.internal.loader.classpath.ClasspathManager::defineClass@315 (line 773)
  0x000001595ef384fc: 009b 1c07 

  0x000001595ef38500: ;   {runtime_call throw_null_pointer_exception Runtime1 stub}
  0x000001595ef38500: e8fb 9a1c 

  0x000001595ef38504: ; ImmutableOopMap {rdx=Oop rsi=Oop [120]=Oop [136]=Oop [144]=Oop [152]=Oop [160]=Oop [248]=Oop }
                      ;*invokeinterface contains {reexecute=0 rethrow=0 return_oop=0}
                      ; - org.eclipse.osgi.internal.loader.classpath.ClasspathManager::defineClass@319 (line 773)
  0x000001595ef38504: 0748 8904 

  0x000001595ef38508: ;   {runtime_call throw_class_cast_exception Runtime1 stub}
  0x000001595ef38508: 24e8 72aa 

  0x000001595ef3850c: ; ImmutableOopMap {[120]=Oop [136]=Oop [152]=Oop [160]=Oop [248]=Oop [264]=Oop }
                      ;*checkcast {reexecute=0 rethrow=0 return_oop=0}
                      ; - org.eclipse.osgi.internal.loader.classpath.ClasspathManager::defineClass@375 (line 788)
                      ;   {runtime_call throw_null_pointer_exception Runtime1 stub}
  0x000001595ef3850c: 2507 e8ed 

  0x000001595ef38510: ; ImmutableOopMap {rdx=Oop [120]=Oop [136]=Oop [152]=Oop [160]=Oop [248]=Oop [264]=Oop }
                      ;*invokevirtual recordClassDefine {reexecute=0 rethrow=0 return_oop=0}
                      ; - org.eclipse.osgi.internal.loader.classpath.ClasspathManager::defineClass@390 (line 789)
                      ;   {runtime_call throw_null_pointer_exception Runtime1 stub}
  0x000001595ef38510: 9a1c 07e8 

  0x000001595ef38514: ; ImmutableOopMap {rax=Oop [120]=Oop [136]=Oop [152]=Oop [160]=Oop [248]=Oop [264]=Oop }
                      ;*invokeinterface hasNext {reexecute=0 rethrow=0 return_oop=0}
                      ; - org.eclipse.osgi.internal.loader.classpath.ClasspathManager::defineClass@395 (line 788)
  0x000001595ef38514: e89a 1c07 

  0x000001595ef38518: ;   {metadata({method} {0x000001597368da58} 'defineClass' '(Ljava/lang/String;[BLorg/eclipse/osgi/internal/loader/classpath/ClasspathEntry;Lorg/eclipse/osgi/storage/bundlefile/BundleEntry;Ljava/util/List;)Ljava/lang/Class;' in 'org/eclipse/osgi/internal/loader/classpath/ClasspathManager')}
  0x000001595ef38518: 49ba 50da | 6873 5901 | 0000 4c89 | 5424 0848 | c704 2490 

  0x000001595ef3852c: ;   {runtime_call counter_overflow Runtime1 stub}
  0x000001595ef3852c: 0100 00e8 

  0x000001595ef38530: ; ImmutableOopMap {[120]=Oop [136]=Oop [152]=Oop [160]=Oop [248]=Oop [264]=Oop }
                      ;*ifne {reexecute=1 rethrow=0 return_oop=0}
                      ; - (reexecute) org.eclipse.osgi.internal.loader.classpath.ClasspathManager::defineClass@400 (line 788)
  0x000001595ef38530: 4cd7 2507 | e960 eeff 

  0x000001595ef38538: ;   {runtime_call throw_null_pointer_exception Runtime1 stub}
  0x000001595ef38538: ffe8 c29a 

  0x000001595ef3853c: ; ImmutableOopMap {rdx=Oop rsi=Oop [120]=Oop [136]=Oop [144]=Oop [152]=Oop [160]=Oop [248]=Oop }
                      ;*invokeinterface add {reexecute=0 rethrow=0 return_oop=0}
                      ; - org.eclipse.osgi.internal.loader.classpath.ClasspathManager::defineClass@411 (line 777)
                      ;   {runtime_call throw_null_pointer_exception Runtime1 stub}
  0x000001595ef3853c: 1c07 e8bd 

  0x000001595ef38540: ; ImmutableOopMap {rdx=Oop rsi=Oop [120]=Oop [136]=Oop [144]=Oop [152]=Oop [160]=Oop [200]=Oop [248]=Oop }
                      ;*invokevirtual defineClass {reexecute=0 rethrow=0 return_oop=0}
                      ; - org.eclipse.osgi.internal.loader.classpath.ClasspathManager::defineClass@424 (line 779)
                      ;   {runtime_call throw_null_pointer_exception Runtime1 stub}
  0x000001595ef38540: 9a1c 07e8 

  0x000001595ef38544: ; ImmutableOopMap {rdx=Oop [120]=Oop [136]=Oop [144]=Oop [152]=Oop [160]=Oop [248]=Oop [272]=Oop }
                      ;*invokeinterface remove {reexecute=0 rethrow=0 return_oop=0}
                      ; - org.eclipse.osgi.internal.loader.classpath.ClasspathManager::defineClass@455 (line 781)
  0x000001595ef38544: b89a 1c07 

  0x000001595ef38548: ;   {runtime_call throw_null_pointer_exception Runtime1 stub}
  0x000001595ef38548: e8b3 9a1c 

  0x000001595ef3854c: ; ImmutableOopMap {rax=Oop [120]=Oop [136]=Oop [144]=Oop [152]=Oop [160]=Oop [248]=Oop [272]=Oop }
                      ;*getfield defined {reexecute=1 rethrow=0 return_oop=0}
                      ; - (reexecute) org.eclipse.osgi.internal.loader.classpath.ClasspathManager::defineClass@557 (line 787)
  0x000001595ef3854c: 0748 8904 

  0x000001595ef38550: ;   {runtime_call throw_class_cast_exception Runtime1 stub}
  0x000001595ef38550: 24e8 2aaa 

  0x000001595ef38554: ; ImmutableOopMap {[120]=Oop [136]=Oop [152]=Oop [160]=Oop [248]=Oop [272]=Oop [280]=Oop [288]=Oop }
                      ;*checkcast {reexecute=0 rethrow=0 return_oop=0}
                      ; - org.eclipse.osgi.internal.loader.classpath.ClasspathManager::defineClass@593 (line 788)
                      ;   {runtime_call throw_null_pointer_exception Runtime1 stub}
  0x000001595ef38554: 2507 e8a5 

  0x000001595ef38558: ; ImmutableOopMap {rdx=Oop [120]=Oop [136]=Oop [152]=Oop [160]=Oop [248]=Oop [272]=Oop [280]=Oop [288]=Oop }
                      ;*invokevirtual recordClassDefine {reexecute=0 rethrow=0 return_oop=0}
                      ; - org.eclipse.osgi.internal.loader.classpath.ClasspathManager::defineClass@608 (line 789)
                      ;   {runtime_call throw_null_pointer_exception Runtime1 stub}
  0x000001595ef38558: 9a1c 07e8 

  0x000001595ef3855c: ; ImmutableOopMap {rax=Oop [120]=Oop [136]=Oop [152]=Oop [160]=Oop [248]=Oop [272]=Oop [280]=Oop [288]=Oop }
                      ;*invokeinterface hasNext {reexecute=0 rethrow=0 return_oop=0}
                      ; - org.eclipse.osgi.internal.loader.classpath.ClasspathManager::defineClass@613 (line 788)
  0x000001595ef3855c: a09a 1c07 

  0x000001595ef38560: ;   {metadata({method} {0x000001597368da58} 'defineClass' '(Ljava/lang/String;[BLorg/eclipse/osgi/internal/loader/classpath/ClasspathEntry;Lorg/eclipse/osgi/storage/bundlefile/BundleEntry;Ljava/util/List;)Ljava/lang/Class;' in 'org/eclipse/osgi/internal/loader/classpath/ClasspathManager')}
  0x000001595ef38560: 49ba 50da | 6873 5901 | 0000 4c89 | 5424 0848 | c704 246a 

  0x000001595ef38574: ;   {runtime_call counter_overflow Runtime1 stub}
  0x000001595ef38574: 0200 00e8 

  0x000001595ef38578: ; ImmutableOopMap {[120]=Oop [136]=Oop [152]=Oop [160]=Oop [248]=Oop [272]=Oop [280]=Oop [288]=Oop }
                      ;*ifne {reexecute=1 rethrow=0 return_oop=0}
                      ; - (reexecute) org.eclipse.osgi.internal.loader.classpath.ClasspathManager::defineClass@618 (line 788)
  0x000001595ef38578: 04d7 2507 | e9e0 f5ff 

  0x000001595ef38580: ;   {internal_word}
  0x000001595ef38580: ff49 baf2 | 7bf3 5e59 | 0100 004d | 8997 6004 

  0x000001595ef38590: ;   {runtime_call SafepointBlob}
  0x000001595ef38590: 0000 e969 

  0x000001595ef38594: ;   {runtime_call throw_null_pointer_exception Runtime1 stub}
  0x000001595ef38594: c51a 07e8 

  0x000001595ef38598: ; ImmutableOopMap {}
                      ;*getfield clazz {reexecute=1 rethrow=0 return_oop=0}
                      ; - (reexecute) org.eclipse.osgi.internal.loader.classpath.ClasspathManager::defineClass@632 (line 794)
  0x000001595ef38598: 649a 1c07 

  0x000001595ef3859c: ;   {internal_word}
  0x000001595ef3859c: 49ba 0b7c | f35e 5901 | 0000 4d89 | 9760 0400 

  0x000001595ef385ac: ;   {runtime_call SafepointBlob}
  0x000001595ef385ac: 00e9 4ec5 

  0x000001595ef385b0: ;   {internal_word}
  0x000001595ef385b0: 1a07 49ba | 2b7c f35e | 5901 0000 | 4d89 9760 

  0x000001595ef385c0: ;   {runtime_call SafepointBlob}
  0x000001595ef385c0: 0400 00e9 | 38c5 1a07 

  0x000001595ef385c8: ;   {internal_word}
  0x000001595ef385c8: 49ba 5b7c | f35e 5901 | 0000 4d89 | 9760 0400 

  0x000001595ef385d8: ;   {runtime_call SafepointBlob}
  0x000001595ef385d8: 00e9 22c5 

  0x000001595ef385dc: ;   {runtime_call throw_null_pointer_exception Runtime1 stub}
  0x000001595ef385dc: 1a07 e81d 

  0x000001595ef385e0: ; ImmutableOopMap {rax=Oop rdx=Oop [120]=Oop [136]=Oop [144]=Oop [152]=Oop [160]=Oop [248]=Oop }
                      ;*invokeinterface remove {reexecute=0 rethrow=0 return_oop=0}
                      ; - org.eclipse.osgi.internal.loader.classpath.ClasspathManager::defineClass@440 (line 781)
                      ;   {runtime_call throw_null_pointer_exception Runtime1 stub}
  0x000001595ef385e0: 9a1c 07e8 

  0x000001595ef385e4: ; ImmutableOopMap {rax=Oop rdx=Oop [120]=Oop [136]=Oop [144]=Oop [152]=Oop [160]=Oop [312]=Oop }
                      ;*invokeinterface remove {reexecute=0 rethrow=0 return_oop=0}
                      ; - org.eclipse.osgi.internal.loader.classpath.ClasspathManager::defineClass@235 (line 759)
  0x000001595ef385e4: 189a 1c07 

  0x000001595ef385e8: ;   {runtime_call throw_null_pointer_exception Runtime1 stub}
  0x000001595ef385e8: e813 9a1c 

  0x000001595ef385ec: ; ImmutableOopMap {rax=Oop rdx=Oop [120]=Oop [136]=Oop [144]=Oop [152]=Oop [160]=Oop [328]=Oop }
                      ;*getfield defined {reexecute=1 rethrow=0 return_oop=0}
                      ; - (reexecute) org.eclipse.osgi.internal.loader.classpath.ClasspathManager::defineClass@478 (line 787)
                      ;   {runtime_call throw_null_pointer_exception Runtime1 stub}
  0x000001595ef385ec: 07e8 0e9a 

  0x000001595ef385f0: ; ImmutableOopMap {rcx=Oop [120]=Oop [136]=Oop [144]=Oop [152]=Oop [160]=Oop [320]=Oop [328]=Oop [336]=Oop }
                      ;*invokeinterface iterator {reexecute=0 rethrow=0 return_oop=0}
                      ; - org.eclipse.osgi.internal.loader.classpath.ClasspathManager::defineClass@497 (line 788)
  0x000001595ef385f0: 1c07 4889 

  0x000001595ef385f4: ;   {runtime_call throw_class_cast_exception Runtime1 stub}
  0x000001595ef385f4: 0424 e885 

  0x000001595ef385f8: ; ImmutableOopMap {[120]=Oop [136]=Oop [152]=Oop [160]=Oop [320]=Oop [328]=Oop [336]=Oop [344]=Oop }
                      ;*checkcast {reexecute=0 rethrow=0 return_oop=0}
                      ; - org.eclipse.osgi.internal.loader.classpath.ClasspathManager::defineClass@514 (line 788)
                      ;   {runtime_call throw_null_pointer_exception Runtime1 stub}
  0x000001595ef385f8: a925 07e8 

  0x000001595ef385fc: ; ImmutableOopMap {rdx=Oop [120]=Oop [136]=Oop [152]=Oop [160]=Oop [320]=Oop [328]=Oop [336]=Oop [344]=Oop }
                      ;*invokevirtual recordClassDefine {reexecute=0 rethrow=0 return_oop=0}
                      ; - org.eclipse.osgi.internal.loader.classpath.ClasspathManager::defineClass@529 (line 789)
  0x000001595ef385fc: 009a 1c07 

  0x000001595ef38600: ;   {runtime_call throw_null_pointer_exception Runtime1 stub}
  0x000001595ef38600: e8fb 991c 

  0x000001595ef38604: ; ImmutableOopMap {rax=Oop [120]=Oop [136]=Oop [152]=Oop [160]=Oop [320]=Oop [328]=Oop [336]=Oop [344]=Oop }
                      ;*invokeinterface hasNext {reexecute=0 rethrow=0 return_oop=0}
                      ; - org.eclipse.osgi.internal.loader.classpath.ClasspathManager::defineClass@534 (line 788)
                      ;   {metadata({method} {0x000001597368da58} 'defineClass' '(Ljava/lang/String;[BLorg/eclipse/osgi/internal/loader/classpath/ClasspathEntry;Lorg/eclipse/osgi/storage/bundlefile/BundleEntry;Ljava/util/List;)Ljava/lang/Class;' in 'org/eclipse/osgi/internal/loader/classpath/ClasspathManager')}
  0x000001595ef38604: 0749 ba50 | da68 7359 | 0100 004c | 8954 2408 | 48c7 0424 | 1b02 0000 

  0x000001595ef3861c: ;   {runtime_call counter_overflow Runtime1 stub}
  0x000001595ef3861c: e85f d625 

  0x000001595ef38620: ; ImmutableOopMap {[120]=Oop [136]=Oop [152]=Oop [160]=Oop [320]=Oop [328]=Oop [336]=Oop [344]=Oop }
                      ;*ifne {reexecute=1 rethrow=0 return_oop=0}
                      ; - (reexecute) org.eclipse.osgi.internal.loader.classpath.ClasspathManager::defineClass@539 (line 788)
  0x000001595ef38620: 07e9 63fd 

  0x000001595ef38624: ;   {oop(nullptr)}
  0x000001595ef38624: ffff 48ba | 0000 0000 | 0000 0000 | 48ff b424 | 8000 0000 | 488f 8424 | 4801 0000 | e917 f8ff 
  0x000001595ef38644: ;   {oop(nullptr)}
  0x000001595ef38644: ff48 ba00 | 0000 0000 | 0000 0048 | ffb4 2480 | 0000 0048 | 8f84 2448 | 0100 00e9 | f8f7 ffff 
  0x000001595ef38664: ;   {oop(nullptr)}
  0x000001595ef38664: 48ba 0000 | 0000 0000 | 0000 48ff | b424 8000 | 0000 488f | 8424 4801 | 0000 e9d9 

  0x000001595ef38680: ;   {oop(nullptr)}
  0x000001595ef38680: f7ff ff48 | ba00 0000 | 0000 0000 | 0048 ffb4 | 2480 0000 | 0048 8f84 | 2448 0100 | 00e9 baf7 
  0x000001595ef386a0: ;   {oop(nullptr)}
  0x000001595ef386a0: ffff 48ba | 0000 0000 | 0000 0000 | 48ff b424 | 8000 0000 | 488f 8424 | 4801 0000 | e99b f7ff 
  0x000001595ef386c0: ;   {oop(nullptr)}
  0x000001595ef386c0: ff48 ba00 | 0000 0000 | 0000 0048 | ffb4 2480 | 0000 0048 | 8f84 2448 | 0100 00e9 | 7cf7 ffff 
  0x000001595ef386e0: ;   {oop(nullptr)}
  0x000001595ef386e0: 48ba 0000 | 0000 0000 | 0000 48ff | b424 8000 | 0000 488f | 8424 4801 | 0000 e95d | f7ff ff48 
  0x000001595ef38700: ffb4 2480 | 0000 0048 | 8f84 2438 | 0100 0048 | 8b94 24c8 | 0000 00e9 | 48f6 ffff | 48ff b424 
  0x000001595ef38720: d800 0000 | 488f 8424 | 3801 0000 | 488b 9424 | c800 0000 | e92b f6ff | ff48 ffb4 | 24d8 0000 
  0x000001595ef38740: 0048 8f84 | 2438 0100 | 0048 8b94 | 24c8 0000 | 00e9 0ef6 | ffff 48ff | b424 d800 | 0000 488f 
  0x000001595ef38760: 8424 3801 | 0000 488b | 9424 c800 | 0000 e9f1 | f5ff ff48 | ffb4 24d8 | 0000 0048 | 8f84 2438 
  0x000001595ef38780: 0100 0048 | 8b94 24c8 | 0000 00e9 | d4f5 ffff 

  0x000001595ef38790: ;   {oop(nullptr)}
  0x000001595ef38790: 48ba 0000 | 0000 0000 | 0000 48ff | b424 d800 | 0000 488f | 8424 4801 | 0000 e9ad 

  0x000001595ef387ac: ;   {oop(nullptr)}
  0x000001595ef387ac: f6ff ff48 | ba00 0000 | 0000 0000 | 0048 ffb4 | 24e8 0000 | 0048 8f84 | 2448 0100 | 00e9 8ef6 
  0x000001595ef387cc: ;   {oop(nullptr)}
  0x000001595ef387cc: ffff 48ba | 0000 0000 | 0000 0000 | 48ff b424 | f800 0000 | 488f 8424 | 4801 0000 | e96f f6ff 
  0x000001595ef387ec: ;   {oop(nullptr)}
  0x000001595ef387ec: ff48 ba00 | 0000 0000 | 0000 0048 | ffb4 24f8 | 0000 0048 | 8f84 2448 | 0100 00e9 | 50f6 ffff 
  0x000001595ef3880c: ;   {oop(nullptr)}
  0x000001595ef3880c: 48ba 0000 | 0000 0000 | 0000 48ff | b424 f800 | 0000 488f | 8424 4801 | 0000 e931 

  0x000001595ef38828: ;   {oop(nullptr)}
  0x000001595ef38828: f6ff ff48 | ba00 0000 | 0000 0000 | 0048 ffb4 | 24f8 0000 | 0048 8f84 | 2448 0100 | 00e9 12f6 
  0x000001595ef38848: ;   {oop(nullptr)}
  0x000001595ef38848: ffff 48ba | 0000 0000 | 0000 0000 | 48ff b424 | f800 0000 | 488f 8424 | 4801 0000 | e9f3 f5ff 
  0x000001595ef38868: ;   {oop(nullptr)}
  0x000001595ef38868: ff48 ba00 | 0000 0000 | 0000 0048 | ffb4 24f8 | 0000 0048 | 8f84 2448 | 0100 00e9 | d4f5 ffff 
  0x000001595ef38888: 488b 9424 | c800 0000 | e9d4 f3ff | ff48 8b94 | 2410 0100 | 0048 ffb4 | 24f8 0000 | 0048 8f84 
  0x000001595ef388a8: 2448 0100 | 00e9 aaf5 

  0x000001595ef388b0: ;   {oop(nullptr)}
  0x000001595ef388b0: ffff 48ba | 0000 0000 | 0000 0000 | 48ff b424 | f800 0000 | 488f 8424 | 4801 0000 | e98b f5ff 
  0x000001595ef388d0: ;   {oop(nullptr)}
  0x000001595ef388d0: ff48 ba00 | 0000 0000 | 0000 0048 | ffb4 24f8 | 0000 0048 | 8f84 2448 | 0100 00e9 | 6cf5 ffff 
  0x000001595ef388f0: ;   {oop(nullptr)}
  0x000001595ef388f0: 48ba 0000 | 0000 0000 | 0000 48ff | b424 3801 | 0000 488f | 8424 4801 | 0000 e94d 

  0x000001595ef3890c: ;   {oop(nullptr)}
  0x000001595ef3890c: f5ff ff48 | ba00 0000 | 0000 0000 | 0048 ffb4 | 2438 0100 | 0048 8f84 | 2448 0100 | 00e9 2ef5 
  0x000001595ef3892c: ;   {oop(nullptr)}
  0x000001595ef3892c: ffff 48ba | 0000 0000 | 0000 0000 | 48ff b424 | 8000 0000 | 488f 8424 | 4801 0000 | e90f f5ff 
  0x000001595ef3894c: ;   {oop(nullptr)}
  0x000001595ef3894c: ff48 ba00 | 0000 0000 | 0000 0048 | ffb4 2480 | 0000 0048 | 8f84 2448 | 0100 00e9 | f0f4 ffff 
  0x000001595ef3896c: ;   {oop(nullptr)}
  0x000001595ef3896c: 48ba 0000 | 0000 0000 | 0000 48ff | b424 8000 | 0000 488f | 8424 4801 | 0000 e9d1 

  0x000001595ef38988: ;   {oop(nullptr)}
  0x000001595ef38988: f4ff ff48 | ba00 0000 | 0000 0000 | 0048 ffb4 | 2480 0000 | 0048 8f84 | 2448 0100 | 00e9 b2f4 
  0x000001595ef389a8: ;   {oop(nullptr)}
  0x000001595ef389a8: ffff 48ba | 0000 0000 | 0000 0000 | 48ff b424 | 8000 0000 | 488f 8424 | 4801 0000 | e993 f4ff 
  0x000001595ef389c8: ;   {oop(nullptr)}
  0x000001595ef389c8: ff48 ba00 | 0000 0000 | 0000 0048 | ffb4 2480 | 0000 0048 | 8f84 2448 | 0100 00e9 | 74f4 ffff 
  0x000001595ef389e8: ;   {oop(nullptr)}
  0x000001595ef389e8: 48ba 0000 | 0000 0000 | 0000 48ff | b424 8000 | 0000 488f | 8424 4801 | 0000 e955 

  0x000001595ef38a04: ;   {oop(nullptr)}
  0x000001595ef38a04: f4ff ff48 | ba00 0000 | 0000 0000 | 0048 ffb4 | 2480 0000 | 0048 8f84 | 2448 0100 | 00e9 36f4 
  0x000001595ef38a24: ;   {oop(nullptr)}
  0x000001595ef38a24: ffff 48ba | 0000 0000 | 0000 0000 | 48ff b424 | 8000 0000 | 488f 8424 | 4801 0000 | e917 f4ff 
  0x000001595ef38a44: ;   {oop(nullptr)}
  0x000001595ef38a44: ff48 ba00 | 0000 0000 | 0000 0048 | ffb4 2480 | 0000 0048 | 8f84 2448 | 0100 00e9 | f8f3 ffff 
  0x000001595ef38a64: ;   {oop(nullptr)}
  0x000001595ef38a64: 48ba 0000 | 0000 0000 | 0000 48ff | b424 8000 | 0000 488f | 8424 4801 | 0000 e9d9 | f3ff ff48 
  0x000001595ef38a84: ffb4 2480 | 0000 0048 | 8f84 2438 | 0100 0048 | 8b94 24c8 | 0000 00e9 | c4f2 ffff | 48ff b424 
  0x000001595ef38aa4: d800 0000 | 488f 8424 | 3801 0000 | 488b 9424 | c800 0000 | e9a7 f2ff | ff48 ffb4 | 24d8 0000 
  0x000001595ef38ac4: 0048 8f84 | 2438 0100 | 0048 8b94 | 24c8 0000 | 00e9 8af2 | ffff 48ff | b424 d800 | 0000 488f 
  0x000001595ef38ae4: 8424 3801 | 0000 488b | 9424 c800 | 0000 e96d 

  0x000001595ef38af4: ;   {oop(nullptr)}
  0x000001595ef38af4: f2ff ff48 | ba00 0000 | 0000 0000 | 0048 ffb4 | 24d8 0000 | 0048 8f84 | 2448 0100 | 00e9 46f3 
  0x000001595ef38b14: ;   {oop(nullptr)}
  0x000001595ef38b14: ffff 48ba | 0000 0000 | 0000 0000 | 48ff b424 | e800 0000 | 488f 8424 | 4801 0000 | e927 f3ff 
  0x000001595ef38b34: ;   {oop(nullptr)}
  0x000001595ef38b34: ff48 ba00 | 0000 0000 | 0000 0048 | ffb4 24f8 | 0000 0048 | 8f84 2448 | 0100 00e9 | 08f3 ffff 
  0x000001595ef38b54: ;   {oop(nullptr)}
  0x000001595ef38b54: 48ba 0000 | 0000 0000 | 0000 48ff | b424 f800 | 0000 488f | 8424 4801 | 0000 e9e9 

  0x000001595ef38b70: ;   {oop(nullptr)}
  0x000001595ef38b70: f2ff ff48 | ba00 0000 | 0000 0000 | 0048 ffb4 | 24f8 0000 | 0048 8f84 | 2448 0100 | 00e9 caf2 
  0x000001595ef38b90: ;   {oop(nullptr)}
  0x000001595ef38b90: ffff 48ba | 0000 0000 | 0000 0000 | 48ff b424 | f800 0000 | 488f 8424 | 4801 0000 | e9ab f2ff 
  0x000001595ef38bb0: ;   {oop(nullptr)}
  0x000001595ef38bb0: ff48 ba00 | 0000 0000 | 0000 0048 | ffb4 24f8 | 0000 0048 | 8f84 2448 | 0100 00e9 | 8cf2 ffff 
  0x000001595ef38bd0: ;   {oop(nullptr)}
  0x000001595ef38bd0: 48ba 0000 | 0000 0000 | 0000 48ff | b424 f800 | 0000 488f | 8424 4801 | 0000 e96d | f2ff ff48 
  0x000001595ef38bf0: 8b94 24c8 | 0000 00e9 | 6df0 ffff | 488b 9424 | 1001 0000 | 48ff b424 | f800 0000 | 488f 8424 
  0x000001595ef38c10: 4801 0000 | e943 f2ff 

  0x000001595ef38c18: ;   {oop(nullptr)}
  0x000001595ef38c18: ff48 ba00 | 0000 0000 | 0000 0048 | ffb4 24f8 | 0000 0048 | 8f84 2448 | 0100 00e9 | 24f2 ffff 
  0x000001595ef38c38: ;   {oop(nullptr)}
  0x000001595ef38c38: 48ba 0000 | 0000 0000 | 0000 48ff | b424 3801 | 0000 488f | 8424 4801 | 0000 e905 | f2ff ff49 
  0x000001595ef38c58: 8b87 f804 | 0000 49c7 | 87f8 0400 | 0000 0000 | 0049 c787 | 0005 0000 | 0000 0000 | 4881 c470 
  0x000001595ef38c78: 0100 005d 

  0x000001595ef38c7c: ;   {runtime_call unwind_exception Runtime1 stub}
  0x000001595ef38c7c: e97f a21c | 07f4 f4f4 | f4f4 f4f4 
[Stub Code]
  0x000001595ef38c88: ;   {no_reloc}
  0x000001595ef38c88: 0f1f 4400 

  0x000001595ef38c8c: ;   {static_stub}
  0x000001595ef38c8c: 0048 bb00 | 0000 0000 

  0x000001595ef38c94: ;   {runtime_call nmethod}
  0x000001595ef38c94: 0000 00e9 | fbff ffff 

  0x000001595ef38c9c: ;   {static_stub}
  0x000001595ef38c9c: 9048 bb00 | 0000 0000 

  0x000001595ef38ca4: ;   {runtime_call nmethod}
  0x000001595ef38ca4: 0000 00e9 | fbff ffff 

  0x000001595ef38cac: ;   {static_stub}
  0x000001595ef38cac: 9048 bb00 | 0000 0000 

  0x000001595ef38cb4: ;   {runtime_call nmethod}
  0x000001595ef38cb4: 0000 00e9 | fbff ffff 

  0x000001595ef38cbc: ;   {static_stub}
  0x000001595ef38cbc: 9048 bb00 | 0000 0000 

  0x000001595ef38cc4: ;   {runtime_call nmethod}
  0x000001595ef38cc4: 0000 00e9 | fbff ffff 

  0x000001595ef38ccc: ;   {static_stub}
  0x000001595ef38ccc: 9048 bb00 | 0000 0000 

  0x000001595ef38cd4: ;   {runtime_call nmethod}
  0x000001595ef38cd4: 0000 00e9 | fbff ffff 

  0x000001595ef38cdc: ;   {static_stub}
  0x000001595ef38cdc: 9048 bb00 | 0000 0000 

  0x000001595ef38ce4: ;   {runtime_call nmethod}
  0x000001595ef38ce4: 0000 00e9 | fbff ffff 

  0x000001595ef38cec: ;   {static_stub}
  0x000001595ef38cec: 9048 bb00 | 0000 0000 

  0x000001595ef38cf4: ;   {runtime_call nmethod}
  0x000001595ef38cf4: 0000 00e9 | fbff ffff 

  0x000001595ef38cfc: ;   {static_stub}
  0x000001595ef38cfc: 9048 bb00 | 0000 0000 

  0x000001595ef38d04: ;   {runtime_call nmethod}
  0x000001595ef38d04: 0000 00e9 | fbff ffff 

  0x000001595ef38d0c: ;   {static_stub}
  0x000001595ef38d0c: 9048 bb00 | 0000 0000 

  0x000001595ef38d14: ;   {runtime_call nmethod}
  0x000001595ef38d14: 0000 00e9 | fbff ffff 

  0x000001595ef38d1c: ;   {static_stub}
  0x000001595ef38d1c: 9048 bb00 | 0000 0000 

  0x000001595ef38d24: ;   {runtime_call nmethod}
  0x000001595ef38d24: 0000 00e9 | fbff ffff 

  0x000001595ef38d2c: ;   {static_stub}
  0x000001595ef38d2c: 9048 bb00 | 0000 0000 

  0x000001595ef38d34: ;   {runtime_call nmethod}
  0x000001595ef38d34: 0000 00e9 | fbff ffff 

  0x000001595ef38d3c: ;   {static_stub}
  0x000001595ef38d3c: 9048 bb00 | 0000 0000 

  0x000001595ef38d44: ;   {runtime_call nmethod}
  0x000001595ef38d44: 0000 00e9 | fbff ffff 

  0x000001595ef38d4c: ;   {static_stub}
  0x000001595ef38d4c: 9048 bb00 | 0000 0000 

  0x000001595ef38d54: ;   {runtime_call nmethod}
  0x000001595ef38d54: 0000 00e9 | fbff ffff 

  0x000001595ef38d5c: ;   {static_stub}
  0x000001595ef38d5c: 9048 bb00 | 0000 0000 

  0x000001595ef38d64: ;   {runtime_call nmethod}
  0x000001595ef38d64: 0000 00e9 | fbff ffff 

  0x000001595ef38d6c: ;   {static_stub}
  0x000001595ef38d6c: 9048 bb00 | 0000 0000 

  0x000001595ef38d74: ;   {runtime_call nmethod}
  0x000001595ef38d74: 0000 00e9 | fbff ffff 

  0x000001595ef38d7c: ;   {static_stub}
  0x000001595ef38d7c: 9048 bb00 | 0000 0000 

  0x000001595ef38d84: ;   {runtime_call nmethod}
  0x000001595ef38d84: 0000 00e9 | fbff ffff 

  0x000001595ef38d8c: ;   {static_stub}
  0x000001595ef38d8c: 9048 bb00 | 0000 0000 

  0x000001595ef38d94: ;   {runtime_call nmethod}
  0x000001595ef38d94: 0000 00e9 | fbff ffff 

  0x000001595ef38d9c: ;   {static_stub}
  0x000001595ef38d9c: 9048 bb00 | 0000 0000 

  0x000001595ef38da4: ;   {runtime_call nmethod}
  0x000001595ef38da4: 0000 00e9 | fbff ffff 

  0x000001595ef38dac: ;   {static_stub}
  0x000001595ef38dac: 9048 bb00 | 0000 0000 

  0x000001595ef38db4: ;   {runtime_call nmethod}
  0x000001595ef38db4: 0000 00e9 | fbff ffff 

  0x000001595ef38dbc: ;   {static_stub}
  0x000001595ef38dbc: 9048 bb30 | fd5d 7359 

  0x000001595ef38dc4: ;   {runtime_call I2C/C2I adapters}
  0x000001595ef38dc4: 0100 00e9 | 23c5 1907 

  0x000001595ef38dcc: ;   {static_stub}
  0x000001595ef38dcc: 9048 bb00 | 0000 0000 

  0x000001595ef38dd4: ;   {runtime_call nmethod}
  0x000001595ef38dd4: 0000 00e9 | fbff ffff 

  0x000001595ef38ddc: ;   {static_stub}
  0x000001595ef38ddc: 9048 bb00 | 0000 0000 

  0x000001595ef38de4: ;   {runtime_call nmethod}
  0x000001595ef38de4: 0000 00e9 | fbff ffff 

  0x000001595ef38dec: ;   {static_stub}
  0x000001595ef38dec: 9048 bb00 | 0000 0000 

  0x000001595ef38df4: ;   {runtime_call nmethod}
  0x000001595ef38df4: 0000 00e9 | fbff ffff 

  0x000001595ef38dfc: ;   {static_stub}
  0x000001595ef38dfc: 9048 bb00 | 0000 0000 

  0x000001595ef38e04: ;   {runtime_call nmethod}
  0x000001595ef38e04: 0000 00e9 | fbff ffff 

  0x000001595ef38e0c: ;   {static_stub}
  0x000001595ef38e0c: 9048 bb00 | 0000 0000 

  0x000001595ef38e14: ;   {runtime_call nmethod}
  0x000001595ef38e14: 0000 00e9 | fbff ffff 

  0x000001595ef38e1c: ;   {static_stub}
  0x000001595ef38e1c: 9048 bb00 | 0000 0000 

  0x000001595ef38e24: ;   {runtime_call nmethod}
  0x000001595ef38e24: 0000 00e9 | fbff ffff 

  0x000001595ef38e2c: ;   {static_stub}
  0x000001595ef38e2c: 9048 bb00 | 0000 0000 

  0x000001595ef38e34: ;   {runtime_call nmethod}
  0x000001595ef38e34: 0000 00e9 | fbff ffff 

  0x000001595ef38e3c: ;   {static_stub}
  0x000001595ef38e3c: 9048 bb00 | 0000 0000 

  0x000001595ef38e44: ;   {runtime_call nmethod}
  0x000001595ef38e44: 0000 00e9 | fbff ffff 

  0x000001595ef38e4c: ;   {static_stub}
  0x000001595ef38e4c: 9048 bb00 | 0000 0000 

  0x000001595ef38e54: ;   {runtime_call nmethod}
  0x000001595ef38e54: 0000 00e9 | fbff ffff 

  0x000001595ef38e5c: ;   {static_stub}
  0x000001595ef38e5c: 9048 bb00 | 0000 0000 

  0x000001595ef38e64: ;   {runtime_call nmethod}
  0x000001595ef38e64: 0000 00e9 | fbff ffff 

  0x000001595ef38e6c: ;   {static_stub}
  0x000001595ef38e6c: 9048 bb00 | 0000 0000 

  0x000001595ef38e74: ;   {runtime_call nmethod}
  0x000001595ef38e74: 0000 00e9 | fbff ffff 

  0x000001595ef38e7c: ;   {static_stub}
  0x000001595ef38e7c: 48bb 0000 | 0000 0000 

  0x000001595ef38e84: ;   {runtime_call nmethod}
  0x000001595ef38e84: 0000 e9fb 

  0x000001595ef38e88: ;   {static_stub}
  0x000001595ef38e88: ffff ff48 | bb80 e068 | 7359 0100 

  0x000001595ef38e94: ;   {runtime_call I2C/C2I adapters}
  0x000001595ef38e94: 00e9 d121 

  0x000001595ef38e98: ;   {static_stub}
  0x000001595ef38e98: 1a07 48bb | 0000 0000 | 0000 0000 

  0x000001595ef38ea4: ;   {runtime_call nmethod}
  0x000001595ef38ea4: e9fb ffff 

  0x000001595ef38ea8: ;   {runtime_call handle_exception_from_callee Runtime1 stub}
  0x000001595ef38ea8: ffe8 5273 

  0x000001595ef38eac: ;   {external_word}
  0x000001595ef38eac: 1c07 48b9 | 2053 f96e | fc7f 0000 | 4883 e4f0 

  0x000001595ef38ebc: ;   {runtime_call}
  0x000001595ef38ebc: 48b8 90b7 | bb6e fc7f | 0000 ffd0 

  0x000001595ef38ec8: ;   {section_word}
  0x000001595ef38ec8: f449 bac9 | 8ef3 5e59 | 0100 0041 

  0x000001595ef38ed4: ;   {runtime_call DeoptimizationBlob}
  0x000001595ef38ed4: 52e9 c6ae | 1a07 f4f4 | f4f4 f4f4 
[/MachCode]


---------------  P R O C E S S  ---------------

Threads class SMR info:
_java_thread_list=0x00000159771642a0, length=16, elements={
0x000001595b9524b0, 0x000001595b83fcc0, 0x000001595b8415c0, 0x000001595b842ec0,
0x000001595b845f60, 0x000001595b847b20, 0x000001595b848570, 0x000001595b8493a0,
0x000001595b8bc630, 0x00000159771470f0, 0x0000015977272970, 0x0000015977bbb3f0,
0x0000015977740100, 0x000001597788c230, 0x0000015977dfdfa0, 0x00000159779eeec0
}

Java Threads: ( => current thread )
  0x000001595b9524b0 JavaThread "main"                              [_thread_blocked, id=604, stack(0x0000004b16800000,0x0000004b16900000) (1024K)]
  0x000001595b83fcc0 JavaThread "Reference Handler"          daemon [_thread_blocked, id=8336, stack(0x0000004b16c00000,0x0000004b16d00000) (1024K)]
  0x000001595b8415c0 JavaThread "Finalizer"                  daemon [_thread_blocked, id=10980, stack(0x0000004b16d00000,0x0000004b16e00000) (1024K)]
  0x000001595b842ec0 JavaThread "Signal Dispatcher"          daemon [_thread_blocked, id=13244, stack(0x0000004b16e00000,0x0000004b16f00000) (1024K)]
  0x000001595b845f60 JavaThread "Attach Listener"            daemon [_thread_blocked, id=15784, stack(0x0000004b16f00000,0x0000004b17000000) (1024K)]
  0x000001595b847b20 JavaThread "Service Thread"             daemon [_thread_blocked, id=1716, stack(0x0000004b17000000,0x0000004b17100000) (1024K)]
  0x000001595b848570 JavaThread "Monitor Deflation Thread"   daemon [_thread_blocked, id=17696, stack(0x0000004b17100000,0x0000004b17200000) (1024K)]
  0x000001595b8493a0 JavaThread "C2 CompilerThread0"         daemon [_thread_blocked, id=15140, stack(0x0000004b17200000,0x0000004b17300000) (1024K)]
  0x000001595b8bc630 JavaThread "C1 CompilerThread0"         daemon [_thread_blocked, id=13684, stack(0x0000004b17300000,0x0000004b17400000) (1024K)]
  0x00000159771470f0 JavaThread "Common-Cleaner"             daemon [_thread_blocked, id=10984, stack(0x0000004b17400000,0x0000004b17500000) (1024K)]
  0x0000015977272970 JavaThread "Notification Thread"        daemon [_thread_blocked, id=17452, stack(0x0000004b17500000,0x0000004b17600000) (1024K)]
  0x0000015977bbb3f0 JavaThread "Active Thread: Equinox Container: 55401218-4a51-4d89-a880-17d4947611ea"        [_thread_blocked, id=16664, stack(0x0000004b17a00000,0x0000004b17b00000) (1024K)]
  0x0000015977740100 JavaThread "Framework Event Dispatcher: Equinox Container: 55401218-4a51-4d89-a880-17d4947611ea" daemon [_thread_blocked, id=9948, stack(0x0000004b17600000,0x0000004b17700000) (1024K)]
=>0x000001597788c230 JavaThread "Start Level: Equinox Container: 55401218-4a51-4d89-a880-17d4947611ea" daemon [_thread_in_vm, id=2808, stack(0x0000004b17b00000,0x0000004b17c00000) (1024K)]
  0x0000015977dfdfa0 JavaThread "SCR Component Actor"        daemon [_thread_blocked, id=11456, stack(0x0000004b17c00000,0x0000004b17d00000) (1024K)]
  0x00000159779eeec0 JavaThread "Worker-JM"                         [_thread_blocked, id=1660, stack(0x0000004b17d00000,0x0000004b17e00000) (1024K)]
Total: 16

Other Threads:
  0x000001595ba10e20 VMThread "VM Thread"                           [id=3112, stack(0x0000004b16b00000,0x0000004b16c00000) (1024K)]
  0x000001595b7ec060 WatcherThread "VM Periodic Task Thread"        [id=3552, stack(0x0000004b16a00000,0x0000004b16b00000) (1024K)]
  0x000001595b96f8a0 WorkerThread "GC Thread#0"                     [id=13768, stack(0x0000004b16900000,0x0000004b16a00000) (1024K)]
  0x0000015977748ed0 WorkerThread "GC Thread#1"                     [id=10768, stack(0x0000004b17700000,0x0000004b17800000) (1024K)]
  0x0000015977878c10 WorkerThread "GC Thread#2"                     [id=10440, stack(0x0000004b17800000,0x0000004b17900000) (1024K)]
  0x00000159779c5010 WorkerThread "GC Thread#3"                     [id=17352, stack(0x0000004b17900000,0x0000004b17a00000) (1024K)]
Total: 6

Threads with active compile tasks:
Total: 0

VM state: not at safepoint (normal execution)

VM Mutex/Monitor currently owned by a thread:  ([mutex/lock_event])
[0x00007ffc6f24b4f0] Metaspace_lock - owner thread: 0x000001597788c230

Heap address: 0x0000000080000000, size: 2048 MB, Compressed Oops mode: 32-bit

CDS archive(s) mapped at: [0x0000015900000000-0x0000015900ba0000-0x0000015900ba0000), size 12189696, SharedBaseAddress: 0x0000015900000000, ArchiveRelocationMode: 1.
Compressed class space mapped at: 0x0000015901000000-0x0000015941000000, reserved size: 1073741824
Narrow klass base: 0x0000015900000000, Narrow klass shift: 0, Narrow klass range: 0x100000000

GC Precious Log:
 CardTable entry size: 512
 CPUs: 4 total, 4 available
 Memory: 15783M
 Large Page Support: Disabled
 NUMA Support: Disabled
 Compressed Oops: Enabled (32-bit)
 Alignments: Space 512K, Generation 512K, Heap 2M
 Heap Min Capacity: 100M
 Heap Initial Capacity: 100M
 Heap Max Capacity: 2G
 Pre-touch: Disabled
 Parallel Workers: 4

Heap:
 PSYoungGen      total 29696K, used 5722K [0x00000000d5580000, 0x00000000d7680000, 0x0000000100000000)
  eden space 25600K, 6% used [0x00000000d5580000,0x00000000d5716c08,0x00000000d6e80000)
  from space 4096K, 99% used [0x00000000d6e80000,0x00000000d727fef8,0x00000000d7280000)
  to   space 4096K, 0% used [0x00000000d7280000,0x00000000d7280000,0x00000000d7680000)
 ParOldGen       total 68608K, used 2671K [0x0000000080000000, 0x0000000084300000, 0x00000000d5580000)
  object space 68608K, 3% used [0x0000000080000000,0x000000008029bc00,0x0000000084300000)
 Metaspace       used 13196K, committed 13696K, reserved 1114112K
  class space    used 1396K, committed 1600K, reserved 1048576K

Card table byte_map: [0x000001595b300000,0x000001595b710000] _byte_map_base: 0x000001595af00000

Marking Bits: (ParMarkBitMap*) 0x00007ffc6f252460
 Begin Bits: [0x000001596de10000, 0x000001596fe10000)
 End Bits:   [0x000001596fe10000, 0x0000015971e10000)

Polling page: 0x00000159596b0000

Metaspace:

Usage:
  Non-class:     11.52 MB used.
      Class:      1.36 MB used.
       Both:     12.89 MB used.

Virtual space:
  Non-class space:       64.00 MB reserved,      11.81 MB ( 18%) committed,  1 nodes.
      Class space:        1.00 GB reserved,       1.56 MB ( <1%) committed,  1 nodes.
             Both:        1.06 GB reserved,      13.38 MB (  1%) committed. 

Chunk freelists:
   Non-Class:  4.14 MB
       Class:  14.42 MB
        Both:  18.56 MB

MaxMetaspaceSize: unlimited
CompressedClassSpaceSize: 1.00 GB
Initial GC threshold: 21.00 MB
Current GC threshold: 21.00 MB
CDS: on
 - commit_granule_bytes: 65536.
 - commit_granule_words: 8192.
 - virtual_space_node_default_size: 8388608.
 - enlarge_chunks_in_place: 1.
 - use_allocation_guard: 0.


Internal statistics:

num_allocs_failed_limit: 0.
num_arena_births: 380.
num_arena_deaths: 0.
num_vsnodes_births: 2.
num_vsnodes_deaths: 0.
num_space_committed: 214.
num_space_uncommitted: 0.
num_chunks_returned_to_freelist: 0.
num_chunks_taken_from_freelist: 822.
num_chunk_merges: 0.
num_chunk_splits: 533.
num_chunks_enlarged: 338.
num_inconsistent_stats: 0.

CodeHeap 'non-profiled nmethods': size=120000Kb used=994Kb max_used=994Kb free=119005Kb
 bounds [0x0000015966630000, 0x00000159668a0000, 0x000001596db60000]
CodeHeap 'profiled nmethods': size=120000Kb used=4351Kb max_used=4351Kb free=115649Kb
 bounds [0x000001595eb60000, 0x000001595efa0000, 0x0000015966090000]
CodeHeap 'non-nmethods': size=5760Kb used=1247Kb max_used=1270Kb free=4512Kb
 bounds [0x0000015966090000, 0x0000015966300000, 0x0000015966630000]
CodeCache: size=245760Kb, used=6592Kb, max_used=6615Kb, free=239166Kb
 total_blobs=2814, nmethods=2295, adapters=425, full_count=0
Compilation: enabled, stopped_count=0, restarted_count=0

Compilation events (20 events):
Event: 7.849 Thread 0x000001595b8bc630 2289       3       java.lang.ClassLoader::getResource (41 bytes)
Event: 7.849 Thread 0x000001595b8bc630 nmethod 2289 0x000001595ef97f10 code [0x000001595ef98120, 0x000001595ef98718]
Event: 7.855 Thread 0x000001595b8bc630 2290       3       lombok.launch.ClassFileMetaData::readValue (27 bytes)
Event: 7.855 Thread 0x000001595b8bc630 nmethod 2290 0x000001595ef98910 code [0x000001595ef98ac0, 0x000001595ef98c30]
Event: 7.855 Thread 0x000001595b8bc630 2291       3       lombok.launch.PackageShader::readValue (21 bytes)
Event: 7.856 Thread 0x000001595b8bc630 nmethod 2291 0x000001595ef98d10 code [0x000001595ef98ec0, 0x000001595ef99008]
Event: 7.858 Thread 0x000001595b8bc630 2292       3       sun.net.www.protocol.file.Handler::parseURL (18 bytes)
Event: 7.858 Thread 0x000001595b8bc630 nmethod 2292 0x000001595ef99110 code [0x000001595ef992c0, 0x000001595ef99480]
Event: 7.861 Thread 0x000001595b8bc630 2293   !   3       jdk.internal.loader.BuiltinClassLoader::findMiscResource (122 bytes)
Event: 7.862 Thread 0x000001595b8bc630 nmethod 2293 0x000001595ef99590 code [0x000001595ef99840, 0x000001595ef9a8b8]
Event: 7.875 Thread 0x000001595b8bc630 2294       3       java.lang.invoke.LambdaFormBuffer::insertName (106 bytes)
Event: 7.875 Thread 0x000001595b8bc630 nmethod 2294 0x000001595ef9ad90 code [0x000001595ef9af60, 0x000001595ef9b188]
Event: 7.893 Thread 0x000001595b8bc630 2295       3       jdk.internal.org.objectweb.asm.FieldWriter::visitEnd (1 bytes)
Event: 7.893 Thread 0x000001595b8bc630 nmethod 2295 0x000001595ef9b290 code [0x000001595ef9b420, 0x000001595ef9b528]
Event: 7.896 Thread 0x000001595b8bc630 2296       1       org.eclipse.core.runtime.Path::getSegments (5 bytes)
Event: 7.897 Thread 0x000001595b8bc630 nmethod 2296 0x0000015966727f10 code [0x00000159667280a0, 0x0000015966728168]
Event: 7.899 Thread 0x000001595b8bc630 2297       3       org.eclipse.core.internal.preferences.EclipsePreferences::checkRemoved (26 bytes)
Event: 7.900 Thread 0x000001595b8bc630 nmethod 2297 0x000001595ef9b590 code [0x000001595ef9b760, 0x000001595ef9ba60]
Event: 7.901 Thread 0x000001595b8493a0 2298       4       jdk.internal.util.StrongReferenceKey::hashCode (8 bytes)
Event: 7.902 Thread 0x000001595b8bc630 2299       3       java.lang.invoke.MemberName::<init> (139 bytes)

GC Heap History (6 events):
Event: 3.109 GC heap before
{Heap before GC invocations=1 (full 0):
 PSYoungGen      total 29696K, used 25600K [0x00000000d5580000, 0x00000000d7680000, 0x0000000100000000)
  eden space 25600K, 100% used [0x00000000d5580000,0x00000000d6e80000,0x00000000d6e80000)
  from space 4096K, 0% used [0x00000000d7280000,0x00000000d7280000,0x00000000d7680000)
  to   space 4096K, 0% used [0x00000000d6e80000,0x00000000d6e80000,0x00000000d7280000)
 ParOldGen       total 68608K, used 0K [0x0000000080000000, 0x0000000084300000, 0x00000000d5580000)
  object space 68608K, 0% used [0x0000000080000000,0x0000000080000000,0x0000000084300000)
 Metaspace       used 4345K, committed 4544K, reserved 1114112K
  class space    used 473K, committed 576K, reserved 1048576K
}
Event: 3.152 GC heap after
{Heap after GC invocations=1 (full 0):
 PSYoungGen      total 29696K, used 3280K [0x00000000d5580000, 0x00000000d7680000, 0x0000000100000000)
  eden space 25600K, 0% used [0x00000000d5580000,0x00000000d5580000,0x00000000d6e80000)
  from space 4096K, 80% used [0x00000000d6e80000,0x00000000d71b4148,0x00000000d7280000)
  to   space 4096K, 0% used [0x00000000d7280000,0x00000000d7280000,0x00000000d7680000)
 ParOldGen       total 68608K, used 0K [0x0000000080000000, 0x0000000084300000, 0x00000000d5580000)
  object space 68608K, 0% used [0x0000000080000000,0x0000000080000000,0x0000000084300000)
 Metaspace       used 4345K, committed 4544K, reserved 1114112K
  class space    used 473K, committed 576K, reserved 1048576K
}
Event: 5.591 GC heap before
{Heap before GC invocations=2 (full 0):
 PSYoungGen      total 29696K, used 28880K [0x00000000d5580000, 0x00000000d7680000, 0x0000000100000000)
  eden space 25600K, 100% used [0x00000000d5580000,0x00000000d6e80000,0x00000000d6e80000)
  from space 4096K, 80% used [0x00000000d6e80000,0x00000000d71b4148,0x00000000d7280000)
  to   space 4096K, 0% used [0x00000000d7280000,0x00000000d7280000,0x00000000d7680000)
 ParOldGen       total 68608K, used 0K [0x0000000080000000, 0x0000000084300000, 0x00000000d5580000)
  object space 68608K, 0% used [0x0000000080000000,0x0000000080000000,0x0000000084300000)
 Metaspace       used 8195K, committed 8512K, reserved 1114112K
  class space    used 876K, committed 1024K, reserved 1048576K
}
Event: 5.599 GC heap after
{Heap after GC invocations=2 (full 0):
 PSYoungGen      total 29696K, used 4072K [0x00000000d5580000, 0x00000000d7680000, 0x0000000100000000)
  eden space 25600K, 0% used [0x00000000d5580000,0x00000000d5580000,0x00000000d6e80000)
  from space 4096K, 99% used [0x00000000d7280000,0x00000000d767a000,0x00000000d7680000)
  to   space 4096K, 0% used [0x00000000d6e80000,0x00000000d6e80000,0x00000000d7280000)
 ParOldGen       total 68608K, used 915K [0x0000000080000000, 0x0000000084300000, 0x00000000d5580000)
  object space 68608K, 1% used [0x0000000080000000,0x00000000800e4eb8,0x0000000084300000)
 Metaspace       used 8195K, committed 8512K, reserved 1114112K
  class space    used 876K, committed 1024K, reserved 1048576K
}
Event: 7.788 GC heap before
{Heap before GC invocations=3 (full 0):
 PSYoungGen      total 29696K, used 29672K [0x00000000d5580000, 0x00000000d7680000, 0x0000000100000000)
  eden space 25600K, 100% used [0x00000000d5580000,0x00000000d6e80000,0x00000000d6e80000)
  from space 4096K, 99% used [0x00000000d7280000,0x00000000d767a000,0x00000000d7680000)
  to   space 4096K, 0% used [0x00000000d6e80000,0x00000000d6e80000,0x00000000d7280000)
 ParOldGen       total 68608K, used 915K [0x0000000080000000, 0x0000000084300000, 0x00000000d5580000)
  object space 68608K, 1% used [0x0000000080000000,0x00000000800e4eb8,0x0000000084300000)
 Metaspace       used 13062K, committed 13632K, reserved 1114112K
  class space    used 1386K, committed 1600K, reserved 1048576K
}
Event: 7.795 GC heap after
{Heap after GC invocations=3 (full 0):
 PSYoungGen      total 29696K, used 4095K [0x00000000d5580000, 0x00000000d7680000, 0x0000000100000000)
  eden space 25600K, 0% used [0x00000000d5580000,0x00000000d5580000,0x00000000d6e80000)
  from space 4096K, 99% used [0x00000000d6e80000,0x00000000d727fef8,0x00000000d7280000)
  to   space 4096K, 0% used [0x00000000d7280000,0x00000000d7280000,0x00000000d7680000)
 ParOldGen       total 68608K, used 2671K [0x0000000080000000, 0x0000000084300000, 0x00000000d5580000)
  object space 68608K, 3% used [0x0000000080000000,0x000000008029bc00,0x0000000084300000)
 Metaspace       used 13062K, committed 13632K, reserved 1114112K
  class space    used 1386K, committed 1600K, reserved 1048576K
}

Dll operation events (9 events):
Event: 0.017 Loaded shared library c:\Users\aymna\.vscode\extensions\redhat.java-1.50.0-win32-x64\jre\21.0.9-win32-x86_64\bin\java.dll
Event: 0.492 Loaded shared library c:\Users\aymna\.vscode\extensions\redhat.java-1.50.0-win32-x64\jre\21.0.9-win32-x86_64\bin\zip.dll
Event: 0.626 Loaded shared library C:\Users\aymna\.vscode\extensions\redhat.java-1.50.0-win32-x64\jre\21.0.9-win32-x86_64\bin\instrument.dll
Event: 0.638 Loaded shared library C:\Users\aymna\.vscode\extensions\redhat.java-1.50.0-win32-x64\jre\21.0.9-win32-x86_64\bin\net.dll
Event: 0.643 Loaded shared library C:\Users\aymna\.vscode\extensions\redhat.java-1.50.0-win32-x64\jre\21.0.9-win32-x86_64\bin\nio.dll
Event: 0.649 Loaded shared library C:\Users\aymna\.vscode\extensions\redhat.java-1.50.0-win32-x64\jre\21.0.9-win32-x86_64\bin\zip.dll
Event: 0.776 Loaded shared library C:\Users\aymna\.vscode\extensions\redhat.java-1.50.0-win32-x64\jre\21.0.9-win32-x86_64\bin\jimage.dll
Event: 1.236 Loaded shared library c:\Users\aymna\.vscode\extensions\redhat.java-1.50.0-win32-x64\jre\21.0.9-win32-x86_64\bin\verify.dll
Event: 5.479 Loaded shared library C:\Users\aymna\AppData\Roaming\Code\User\globalStorage\redhat.java\1.50.0\config_ss_win\org.eclipse.equinox.launcher\org.eclipse.equinox.launcher.win32.win32.x86_64_1.2.1400.v20250801-0854\eclipse_11916.dll

Deoptimization events (20 events):
Event: 6.601 Thread 0x000001597788c230 DEOPT PACKING pc=0x00000159666fca34 sp=0x0000004b17bfb750
Event: 6.601 Thread 0x000001597788c230 DEOPT UNPACKING pc=0x00000159660e3aa2 sp=0x0000004b17bfb748 mode 2
Event: 6.602 Thread 0x000001597788c230 Uncommon trap: trap_request=0xffffffc6 fr.pc=0x0000015966703fcc relative=0x0000000000003fec
Event: 6.602 Thread 0x000001597788c230 Uncommon trap: reason=bimorphic_or_optimized_type_check action=maybe_recompile pc=0x0000015966703fcc method=java.io.DataInputStream.readFully([BII)V @ 30 c2
Event: 6.602 Thread 0x000001597788c230 DEOPT PACKING pc=0x0000015966703fcc sp=0x0000004b17bfb730
Event: 6.603 Thread 0x000001597788c230 DEOPT UNPACKING pc=0x00000159660e3aa2 sp=0x0000004b17bfb638 mode 2
Event: 6.610 Thread 0x000001597788c230 DEOPT PACKING pc=0x000001595ed0cf43 sp=0x0000004b17bfbd60
Event: 6.610 Thread 0x000001597788c230 DEOPT UNPACKING pc=0x00000159660e4242 sp=0x0000004b17bfb200 mode 0
Event: 6.955 Thread 0x000001597788c230 Uncommon trap: trap_request=0xffffff45 fr.pc=0x00000159666997e0 relative=0x0000000000001620
Event: 6.955 Thread 0x000001597788c230 Uncommon trap: reason=unstable_if action=reinterpret pc=0x00000159666997e0 method=java.util.jar.Manifest$FastInputStream.readLine([BII)I @ 106 c2
Event: 6.955 Thread 0x000001597788c230 DEOPT PACKING pc=0x00000159666997e0 sp=0x0000004b17bfe0a0
Event: 6.955 Thread 0x000001597788c230 DEOPT UNPACKING pc=0x00000159660e3aa2 sp=0x0000004b17bfdf70 mode 2
Event: 6.955 Thread 0x000001597788c230 Uncommon trap: trap_request=0xffffff45 fr.pc=0x000001596669d004 relative=0x00000000000004a4
Event: 6.955 Thread 0x000001597788c230 Uncommon trap: reason=unstable_if action=reinterpret pc=0x000001596669d004 method=java.util.jar.Manifest$FastInputStream.readLine([BII)I @ 106 c2
Event: 6.955 Thread 0x000001597788c230 DEOPT PACKING pc=0x000001596669d004 sp=0x0000004b17bfe030
Event: 6.955 Thread 0x000001597788c230 DEOPT UNPACKING pc=0x00000159660e3aa2 sp=0x0000004b17bfdf68 mode 2
Event: 6.955 Thread 0x000001597788c230 Uncommon trap: trap_request=0xffffff45 fr.pc=0x000001596668edbc relative=0x00000000000004dc
Event: 6.955 Thread 0x000001597788c230 Uncommon trap: reason=unstable_if action=reinterpret pc=0x000001596668edbc method=java.util.jar.Manifest$FastInputStream.readLine([BII)I @ 106 c2
Event: 6.956 Thread 0x000001597788c230 DEOPT PACKING pc=0x000001596668edbc sp=0x0000004b17bfdfc0
Event: 6.956 Thread 0x000001597788c230 DEOPT UNPACKING pc=0x00000159660e3aa2 sp=0x0000004b17bfdf70 mode 2

Classes loaded (20 events):
Event: 7.553 Loading class java/lang/AbstractMethodError
Event: 7.553 Loading class java/lang/AbstractMethodError done
Event: 7.686 Loading class java/lang/foreign/ValueLayout
Event: 7.686 Loading class java/lang/foreign/MemoryLayout
Event: 7.687 Loading class java/lang/foreign/MemoryLayout done
Event: 7.687 Loading class java/lang/foreign/ValueLayout done
Event: 7.687 Loading class java/io/ObjectInputStream
Event: 7.688 Loading class java/io/ObjectInput
Event: 7.688 Loading class java/io/ObjectInput done
Event: 7.688 Loading class java/io/ObjectStreamConstants
Event: 7.688 Loading class java/io/ObjectStreamConstants done
Event: 7.688 Loading class java/io/ObjectInputStream done
Event: 7.688 Loading class java/io/ObjectOutputStream
Event: 7.689 Loading class java/io/ObjectOutput
Event: 7.689 Loading class java/io/ObjectOutput done
Event: 7.689 Loading class java/io/ObjectOutputStream done
Event: 7.689 Loading class java/lang/constant/ClassDesc
Event: 7.690 Loading class java/lang/constant/ClassDesc done
Event: 7.690 Loading class jdk/internal/vm/annotation/ForceInline
Event: 7.691 Loading class jdk/internal/vm/annotation/ForceInline done

Classes unloaded (0 events):
No events

Classes redefined (0 events):
No events

Internal exceptions (20 events):
Event: 4.398 Thread 0x000001595b9524b0 Exception <a 'java/lang/NoSuchMethodError'{0x00000000d62439f0}: 'int java.lang.invoke.DirectMethodHandle$Holder.invokeVirtual(java.lang.Object, java.lang.Object)'> (0x00000000d62439f0) 
thrown [s\src\hotspot\share\interpreter\linkResolver.cpp, line 773]
Event: 4.495 Thread 0x000001595b9524b0 Exception <a 'java/lang/NoSuchMethodError'{0x00000000d63c5cc8}: 'int java.lang.invoke.DirectMethodHandle$Holder.invokeStaticInit(java.lang.Object, java.lang.Object, java.lang.Object, java.lang.Object)'> (0x00000000d63c5cc8) 
thrown [s\src\hotspot\share\interpreter\linkResolver.cpp, line 773]
Event: 4.541 Thread 0x000001595b9524b0 Exception <a 'java/lang/IncompatibleClassChangeError'{0x00000000d63ce330}: Found class java.lang.Object, but interface was expected> (0x00000000d63ce330) 
thrown [s\src\hotspot\share\interpreter\linkResolver.cpp, line 840]
Event: 4.547 Thread 0x000001595b9524b0 Exception <a 'java/lang/NoSuchMethodError'{0x00000000d63d51e0}: 'void java.lang.invoke.DirectMethodHandle$Holder.invokeStaticInit(java.lang.Object, java.lang.Object)'> (0x00000000d63d51e0) 
thrown [s\src\hotspot\share\interpreter\linkResolver.cpp, line 773]
Event: 4.550 Thread 0x000001595b9524b0 Exception <a 'java/lang/NoSuchMethodError'{0x00000000d63dffb8}: 'int java.lang.invoke.DirectMethodHandle$Holder.invokeStaticInit(java.lang.Object, java.lang.Object)'> (0x00000000d63dffb8) 
thrown [s\src\hotspot\share\interpreter\linkResolver.cpp, line 773]
Event: 4.719 Thread 0x000001595b9524b0 Exception <a 'java/lang/NoSuchMethodError'{0x00000000d663eaf0}: 'java.lang.Object java.lang.invoke.DirectMethodHandle$Holder.newInvokeSpecial(java.lang.Object, int, java.lang.Object)'> (0x00000000d663eaf0) 
thrown [s\src\hotspot\share\interpreter\linkResolver.cpp, line 773]
Event: 4.949 Thread 0x000001595b9524b0 Exception <a 'java/lang/ClassNotFoundException'{0x00000000d6859d10}: sun/net/www/protocol/plurl/Handler> (0x00000000d6859d10) 
thrown [s\src\hotspot\share\classfile\systemDictionary.cpp, line 312]
Event: 4.949 Thread 0x000001595b9524b0 Exception <a 'java/lang/ClassNotFoundException'{0x00000000d685ab90}: sun/net/www/protocol/plurl/Handler> (0x00000000d685ab90) 
thrown [s\src\hotspot\share\classfile\systemDictionary.cpp, line 312]
Event: 5.366 Thread 0x000001595b9524b0 Exception <a 'java/lang/UnsatisfiedLinkError'{0x00000000d6c5a5f0}: 'void org.eclipse.equinox.launcher.JNIBridge._update_splash()'> (0x00000000d6c5a5f0) 
thrown [s\src\hotspot\share\prims\nativeLookup.cpp, line 415]
Event: 5.748 Thread 0x000001597788c230 Exception <a 'java/lang/NullPointerException'{0x00000000d579b620}> (0x00000000d579b620) 
thrown [s\src\hotspot\share\interpreter\linkResolver.cpp, line 1372]
Event: 5.748 Thread 0x000001597788c230 Exception <a 'java/lang/NullPointerException'{0x00000000d579b900}> (0x00000000d579b900) 
thrown [s\src\hotspot\share\interpreter\linkResolver.cpp, line 1372]
Event: 6.335 Thread 0x000001597788c230 Exception <a 'java/lang/NoSuchMethodError'{0x00000000d6092c68}: 'long java.lang.invoke.DirectMethodHandle$Holder.invokeSpecial(java.lang.Object, java.lang.Object)'> (0x00000000d6092c68) 
thrown [s\src\hotspot\share\interpreter\linkResolver.cpp, line 773]
Event: 6.549 Thread 0x000001597788c230 Exception <a 'java/io/FileNotFoundException'{0x00000000d6257b28}> (0x00000000d6257b28) 
thrown [s\src\hotspot\share\prims\jni.cpp, line 520]
Event: 6.938 Thread 0x000001597788c230 Exception <a 'java/lang/NoSuchMethodError'{0x00000000d656e8e8}: 'java.lang.Object java.lang.invoke.Invokers$Holder.linkToTargetMethod(java.lang.Object, long, java.lang.Object)'> (0x00000000d656e8e8) 
thrown [s\src\hotspot\share\interpreter\linkResolver.cpp, line 773]
Event: 7.213 Thread 0x000001597788c230 Exception <a 'java/lang/NoSuchMethodError'{0x00000000d6923268}: 'void java.lang.invoke.DirectMethodHandle$Holder.invokeInterface(java.lang.Object, java.lang.Object, java.lang.Object)'> (0x00000000d6923268) 
thrown [s\src\hotspot\share\interpreter\linkResolver.cpp, line 773]
Event: 7.333 Thread 0x000001597788c230 Exception <a 'java/lang/NoSuchMethodError'{0x00000000d6b34aa0}: 'void java.lang.invoke.Invokers$Holder.invokeExact_MT(java.lang.Object, java.lang.Object, java.lang.Object)'> (0x00000000d6b34aa0) 
thrown [s\src\hotspot\share\interpreter\linkResolver.cpp, line 773]
Event: 7.760 Thread 0x000001597788c230 Exception <a 'java/lang/NoSuchMethodError'{0x00000000d6dfc5f8}: 'java.lang.Object java.lang.invoke.DirectMethodHandle$Holder.invokeVirtual(java.lang.Object, java.lang.Object, java.lang.Object)'> (0x00000000d6dfc5f8) 
thrown [s\src\hotspot\share\interpreter\linkResolver.cpp, line 773]
Event: 7.768 Thread 0x000001597788c230 Exception <a 'java/lang/NoSuchMethodError'{0x00000000d6e142f0}: 'java.lang.Object java.lang.invoke.DelegatingMethodHandle$Holder.reinvoke_L(java.lang.Object, java.lang.Object, java.lang.Object, java.lang.Object, int, int)'> (0x00000000d6e142f0) 
thrown [s\src\hotspot\share\interpreter\linkResolver.cpp, line 773]
Event: 7.775 Thread 0x000001597788c230 Exception <a 'java/lang/NoSuchMethodError'{0x00000000d6e30920}: 'java.lang.Object java.lang.invoke.DirectMethodHandle$Holder.newInvokeSpecial(java.lang.Object, java.lang.Object, java.lang.Object, java.lang.Object, java.lang.Object, java.lang.Object)'> (0x00000000d6e30920) 
thrown [s\src\hotspot\share\interpreter\linkResolver.cpp, line 773]
Event: 7.784 Thread 0x000001597788c230 Exception <a 'java/lang/NoSuchMethodError'{0x00000000d6e4c7d0}: 'void java.lang.invoke.Invokers$Holder.invokeExact_MT(java.lang.Object, java.lang.Object, java.lang.Object, java.lang.Object)'> (0x00000000d6e4c7d0) 
thrown [s\src\hotspot\share\interpreter\linkResolver.cpp, line 773]

ZGC Phase Switch (0 events):
No events

VM Operations (20 events):
Event: 4.157 Executing VM operation: Cleanup
Event: 4.157 Executing VM operation: Cleanup done
Event: 4.692 Executing VM operation: HandshakeAllThreads (Deoptimize)
Event: 4.692 Executing VM operation: HandshakeAllThreads (Deoptimize) done
Event: 4.703 Executing VM operation: HandshakeAllThreads (Deoptimize)
Event: 4.704 Executing VM operation: HandshakeAllThreads (Deoptimize) done
Event: 4.926 Executing VM operation: HandshakeAllThreads (Deoptimize)
Event: 4.927 Executing VM operation: HandshakeAllThreads (Deoptimize) done
Event: 4.944 Executing VM operation: HandshakeAllThreads (Deoptimize)
Event: 4.944 Executing VM operation: HandshakeAllThreads (Deoptimize) done
Event: 5.591 Executing VM operation: ParallelGCFailedAllocation (Allocation Failure)
Event: 5.599 Executing VM operation: ParallelGCFailedAllocation (Allocation Failure) done
Event: 6.048 Executing VM operation: HandshakeAllThreads (Deoptimize)
Event: 6.056 Executing VM operation: HandshakeAllThreads (Deoptimize) done
Event: 7.059 Executing VM operation: Cleanup
Event: 7.123 Executing VM operation: Cleanup done
Event: 7.123 Executing VM operation: HandshakeAllThreads (Deoptimize)
Event: 7.123 Executing VM operation: HandshakeAllThreads (Deoptimize) done
Event: 7.787 Executing VM operation: ParallelGCFailedAllocation (Allocation Failure)
Event: 7.795 Executing VM operation: ParallelGCFailedAllocation (Allocation Failure) done

Memory protections (0 events):
No events

Nmethod flushes (0 events):
No events

Events (20 events):
Event: 0.182 Thread 0x000001595b9524b0 Thread added: 0x000001595b845f60
Event: 0.182 Thread 0x000001595b9524b0 Thread added: 0x000001595b847b20
Event: 0.182 Thread 0x000001595b9524b0 Thread added: 0x000001595b848570
Event: 0.183 Thread 0x000001595b9524b0 Thread added: 0x000001595b8493a0
Event: 0.226 Thread 0x000001595b9524b0 Thread added: 0x000001595b8bc630
Event: 0.633 Thread 0x000001595b9524b0 Thread added: 0x00000159771470f0
Event: 1.588 Thread 0x000001595b9524b0 Thread added: 0x0000015977272970
Event: 1.895 Thread 0x000001595b8bc630 Thread added: 0x000001597729be10
Event: 2.510 Thread 0x000001597729be10 Thread exited: 0x000001597729be10
Event: 3.007 Thread 0x000001595b8bc630 Thread added: 0x000001597743a9b0
Event: 3.290 Thread 0x000001597743a9b0 Thread exited: 0x000001597743a9b0
Event: 3.789 Thread 0x000001595b8bc630 Thread added: 0x000001597776ffe0
Event: 4.575 Thread 0x000001595b9524b0 Thread added: 0x0000015977bbb3f0
Event: 5.000 Thread 0x000001597776ffe0 Thread exited: 0x000001597776ffe0
Event: 5.358 Thread 0x000001595b9524b0 Thread added: 0x0000015977740100
Event: 5.364 Thread 0x000001595b9524b0 Thread added: 0x000001597788c230
Event: 6.026 Thread 0x000001597788c230 Thread added: 0x0000015977dfdfa0
Event: 6.419 Thread 0x000001595b8bc630 Thread added: 0x0000015977a5b110
Event: 6.717 Thread 0x0000015977a5b110 Thread exited: 0x0000015977a5b110
Event: 7.229 Thread 0x000001597788c230 Thread added: 0x00000159779eeec0


Dynamic libraries:
0x00007ff761240000 - 0x00007ff76124e000 	c:\Users\aymna\.vscode\extensions\redhat.java-1.50.0-win32-x64\jre\21.0.9-win32-x86_64\bin\java.exe
0x00007ffcbf790000 - 0x00007ffcbf988000 	C:\Windows\SYSTEM32\ntdll.dll
0x00007ffcbdea0000 - 0x00007ffcbdf62000 	C:\Windows\System32\KERNEL32.DLL
0x00007ffcbd410000 - 0x00007ffcbd706000 	C:\Windows\System32\KERNELBASE.dll
0x00007ffcbd310000 - 0x00007ffcbd410000 	C:\Windows\System32\ucrtbase.dll
0x00007ffcb56d0000 - 0x00007ffcb56e8000 	c:\Users\aymna\.vscode\extensions\redhat.java-1.50.0-win32-x64\jre\21.0.9-win32-x86_64\bin\jli.dll
0x00007ffcbe570000 - 0x00007ffcbe70d000 	C:\Windows\System32\USER32.dll
0x00007ffcbd1c0000 - 0x00007ffcbd1e2000 	C:\Windows\System32\win32u.dll
0x00007ffcbdf70000 - 0x00007ffcbdf9b000 	C:\Windows\System32\GDI32.dll
0x00007ffcbcf90000 - 0x00007ffcbd0a9000 	C:\Windows\System32\gdi32full.dll
0x00007ffcbd270000 - 0x00007ffcbd30d000 	C:\Windows\System32\msvcp_win.dll
0x00007ffcb4df0000 - 0x00007ffcb4e0e000 	c:\Users\aymna\.vscode\extensions\redhat.java-1.50.0-win32-x64\jre\21.0.9-win32-x86_64\bin\VCRUNTIME140.dll
0x00007ffca9430000 - 0x00007ffca96cb000 	C:\Windows\WinSxS\amd64_microsoft.windows.common-controls_6595b64144ccf1df_6.0.19041.6280_none_60bc30a171f2f3f3\COMCTL32.dll
0x00007ffcbf5e0000 - 0x00007ffcbf67e000 	C:\Windows\System32\msvcrt.dll
0x00007ffcbe540000 - 0x00007ffcbe56f000 	C:\Windows\System32\IMM32.DLL
0x00007ffcb4b30000 - 0x00007ffcb4b3c000 	c:\Users\aymna\.vscode\extensions\redhat.java-1.50.0-win32-x64\jre\21.0.9-win32-x86_64\bin\vcruntime140_1.dll
0x00007ffc88b10000 - 0x00007ffc88b9d000 	c:\Users\aymna\.vscode\extensions\redhat.java-1.50.0-win32-x64\jre\21.0.9-win32-x86_64\bin\msvcp140.dll
0x00007ffc6e590000 - 0x00007ffc6f330000 	c:\Users\aymna\.vscode\extensions\redhat.java-1.50.0-win32-x64\jre\21.0.9-win32-x86_64\bin\server\jvm.dll
0x00007ffcbdca0000 - 0x00007ffcbdd51000 	C:\Windows\System32\ADVAPI32.dll
0x00007ffcbdba0000 - 0x00007ffcbdc3f000 	C:\Windows\System32\sechost.dll
0x00007ffcbdd60000 - 0x00007ffcbde80000 	C:\Windows\System32\RPCRT4.dll
0x00007ffcbd0b0000 - 0x00007ffcbd0d7000 	C:\Windows\System32\bcrypt.dll
0x00007ffcbf680000 - 0x00007ffcbf6eb000 	C:\Windows\System32\WS2_32.dll
0x00007ffcbc3c0000 - 0x00007ffcbc40b000 	C:\Windows\SYSTEM32\POWRPROF.dll
0x00007ffca9710000 - 0x00007ffca9737000 	C:\Windows\SYSTEM32\WINMM.dll
0x00007ffcb55c0000 - 0x00007ffcb55ca000 	C:\Windows\SYSTEM32\VERSION.dll
0x00007ffcbc230000 - 0x00007ffcbc242000 	C:\Windows\SYSTEM32\UMPDC.dll
0x00007ffcbb650000 - 0x00007ffcbb662000 	C:\Windows\SYSTEM32\kernel.appcore.dll
0x00007ffcb4b20000 - 0x00007ffcb4b2a000 	c:\Users\aymna\.vscode\extensions\redhat.java-1.50.0-win32-x64\jre\21.0.9-win32-x86_64\bin\jimage.dll
0x00007ffcbac60000 - 0x00007ffcbae61000 	C:\Windows\SYSTEM32\DBGHELP.DLL
0x00007ffca5d30000 - 0x00007ffca5d64000 	C:\Windows\SYSTEM32\dbgcore.DLL
0x00007ffcbd0e0000 - 0x00007ffcbd162000 	C:\Windows\System32\bcryptPrimitives.dll
0x00007ffcba1d0000 - 0x00007ffcba1df000 	c:\Users\aymna\.vscode\extensions\redhat.java-1.50.0-win32-x64\jre\21.0.9-win32-x86_64\bin\instrument.dll
0x00007ffcb47b0000 - 0x00007ffcb47d0000 	c:\Users\aymna\.vscode\extensions\redhat.java-1.50.0-win32-x64\jre\21.0.9-win32-x86_64\bin\java.dll
0x00007ffcbeb40000 - 0x00007ffcbf2b0000 	C:\Windows\System32\SHELL32.dll
0x00007ffcbae90000 - 0x00007ffcbb635000 	C:\Windows\SYSTEM32\windows.storage.dll
0x00007ffcbd840000 - 0x00007ffcbdb93000 	C:\Windows\System32\combase.dll
0x00007ffcbc860000 - 0x00007ffcbc88b000 	C:\Windows\SYSTEM32\Wldp.dll
0x00007ffcbdfa0000 - 0x00007ffcbe06d000 	C:\Windows\System32\OLEAUT32.dll
0x00007ffcbe840000 - 0x00007ffcbe8ed000 	C:\Windows\System32\SHCORE.dll
0x00007ffcbe070000 - 0x00007ffcbe0cb000 	C:\Windows\System32\shlwapi.dll
0x00007ffcbcd60000 - 0x00007ffcbcd84000 	C:\Windows\SYSTEM32\profapi.dll
0x00007ffcb2110000 - 0x00007ffcb2128000 	c:\Users\aymna\.vscode\extensions\redhat.java-1.50.0-win32-x64\jre\21.0.9-win32-x86_64\bin\zip.dll
0x00007ffcb6480000 - 0x00007ffcb6490000 	C:\Users\aymna\.vscode\extensions\redhat.java-1.50.0-win32-x64\jre\21.0.9-win32-x86_64\bin\net.dll
0x00007ffcb2ac0000 - 0x00007ffcb2bca000 	C:\Windows\SYSTEM32\WINHTTP.dll
0x00007ffcbc5c0000 - 0x00007ffcbc62a000 	C:\Windows\system32\mswsock.dll
0x00007ffca6fb0000 - 0x00007ffca6fc6000 	C:\Users\aymna\.vscode\extensions\redhat.java-1.50.0-win32-x64\jre\21.0.9-win32-x86_64\bin\nio.dll
0x00007ffcba1c0000 - 0x00007ffcba1d0000 	c:\Users\aymna\.vscode\extensions\redhat.java-1.50.0-win32-x64\jre\21.0.9-win32-x86_64\bin\verify.dll
0x00007ffca46b0000 - 0x00007ffca46f4000 	C:\Users\aymna\AppData\Roaming\Code\User\globalStorage\redhat.java\1.50.0\config_ss_win\org.eclipse.equinox.launcher\org.eclipse.equinox.launcher.win32.win32.x86_64_1.2.1400.v20250801-0854\eclipse_11916.dll
0x00007ffcbe900000 - 0x00007ffcbea2b000 	C:\Windows\System32\ole32.dll

JVMTI agents:
c:\Users\aymna\.vscode\extensions\redhat.java-1.50.0-win32-x64\lombok\lombok-1.18.39-4050.jar path:c:\Users\aymna\.vscode\extensions\redhat.java-1.50.0-win32-x64\jre\21.0.9-win32-x86_64\bin\instrument.dll, loaded, initialized, instrumentlib options:none

dbghelp: loaded successfully - version: 4.0.5 - missing functions: none
symbol engine: initialized successfully - sym options: 0x614 - pdb path: .;c:\Users\aymna\.vscode\extensions\redhat.java-1.50.0-win32-x64\jre\21.0.9-win32-x86_64\bin;C:\Windows\SYSTEM32;C:\Windows\WinSxS\amd64_microsoft.windows.common-controls_6595b64144ccf1df_6.0.19041.6280_none_60bc30a171f2f3f3;c:\Users\aymna\.vscode\extensions\redhat.java-1.50.0-win32-x64\jre\21.0.9-win32-x86_64\bin\server;C:\Users\aymna\AppData\Roaming\Code\User\globalStorage\redhat.java\1.50.0\config_ss_win\org.eclipse.equinox.launcher\org.eclipse.equinox.launcher.win32.win32.x86_64_1.2.1400.v20250801-0854

VM Arguments:
jvm_args: --add-modules=ALL-SYSTEM --add-opens=java.base/java.util=ALL-UNNAMED --add-opens=java.base/java.lang=ALL-UNNAMED --add-opens=java.base/sun.nio.fs=ALL-UNNAMED -Declipse.application=org.eclipse.jdt.ls.core.id1 -Dosgi.bundles.defaultStartLevel=4 -Declipse.product=org.eclipse.jdt.ls.core.product -Djava.import.generatesMetadataFilesAtProjectRoot=false -DDetectVMInstallationsJob.disabled=true -Dfile.encoding=utf8 -XX:+UseParallelGC -XX:GCTimeRatio=4 -XX:AdaptiveSizePolicyWeight=90 -Dsun.zip.disableMemoryMapping=true -Xmx2G -Xms100m -Xlog:disable -javaagent:c:\Users\aymna\.vscode\extensions\redhat.java-1.50.0-win32-x64\lombok\lombok-1.18.39-4050.jar 
java_command: c:\Users\aymna\.vscode\extensions\redhat.java-1.50.0-win32-x64\server\plugins\org.eclipse.equinox.launcher_1.7.100.v20251111-0406.jar -configuration c:\Users\aymna\AppData\Roaming\Code\User\globalStorage\redhat.java\1.50.0\config_ss_win -data c:\Users\aymna\AppData\Roaming\Code\User\workspaceStorage\ec07a277240995c18f3b06316e893f1d\redhat.java\ss_ws --pipe=\\.\pipe\lsp-0d6731dd7e6a21a221c190a933053921-sock
java_class_path (initial): c:\Users\aymna\.vscode\extensions\redhat.java-1.50.0-win32-x64\server\plugins\org.eclipse.equinox.launcher_1.7.100.v20251111-0406.jar
Launcher Type: SUN_STANDARD

[Global flags]
    uintx AdaptiveSizePolicyWeight                 = 90                                        {product} {command line}
     intx CICompilerCount                          = 3                                         {product} {ergonomic}
    uintx GCTimeRatio                              = 4                                         {product} {command line}
   size_t InitialHeapSize                          = 104857600                                 {product} {command line}
   size_t MaxHeapSize                              = 2147483648                                {product} {command line}
   size_t MaxNewSize                               = 715653120                                 {product} {ergonomic}
   size_t MinHeapDeltaBytes                        = 524288                                    {product} {ergonomic}
   size_t MinHeapSize                              = 104857600                                 {product} {command line}
   size_t NewSize                                  = 34603008                                  {product} {ergonomic}
    uintx NonNMethodCodeHeapSize                   = 5832780                                {pd product} {ergonomic}
    uintx NonProfiledCodeHeapSize                  = 122912730                              {pd product} {ergonomic}
   size_t OldSize                                  = 70254592                                  {product} {ergonomic}
    uintx ProfiledCodeHeapSize                     = 122912730                              {pd product} {ergonomic}
    uintx ReservedCodeCacheSize                    = 251658240                              {pd product} {ergonomic}
     bool SegmentedCodeCache                       = true                                      {product} {ergonomic}
   size_t SoftMaxHeapSize                          = 2147483648                             {manageable} {ergonomic}
     bool UseCompressedOops                        = true                           {product lp64_product} {ergonomic}
     bool UseLargePagesIndividualAllocation        = false                                  {pd product} {ergonomic}
     bool UseParallelGC                            = true                                      {product} {command line}

Logging:
Log output configuration:
 #0: stdout all=off uptime,level,tags foldmultilines=false
 #1: stderr all=off uptime,level,tags foldmultilines=false

Release file:
JAVA_VERSION="21.0.9" 
MODULES="java.base java.compiler java.datatransfer java.xml java.prefs java.desktop java.instrument java.logging java.management java.security.sasl java.naming java.rmi java.management.rmi java.net.http java.scripting java.security.jgss java.transaction.xa java.sql java.sql.rowset java.xml.crypto java.se java.smartcardio jdk.accessibility jdk.internal.jvmstat jdk.attach jdk.charsets jdk.internal.opt jdk.zipfs jdk.compiler jdk.crypto.ec jdk.crypto.cryptoki jdk.crypto.mscapi jdk.dynalink jdk.internal.ed jdk.editpad jdk.hotspot.agent jdk.httpserver jdk.internal.le jdk.internal.vm.ci jdk.internal.vm.compiler jdk.internal.vm.compiler.management jdk.jartool jdk.javadoc jdk.jcmd jdk.management jdk.management.agent jdk.jconsole jdk.jdeps jdk.jdwp.agent jdk.jdi jdk.jfr jdk.jshell jdk.jsobject jdk.jstatd jdk.localedata jdk.management.jfr jdk.naming.dns jdk.naming.rmi jdk.net jdk.nio.mapmode jdk.random jdk.sctp jdk.security.auth jdk.security.jgss jdk.unsupported jdk.unsupported.desktop jdk.xml.dom" 

Environment Variables:
PATH=C:\Program Files (x86)\VMware\VMware Workstation\bin\;C:\Program Files\Common Files\Oracle\Java\javapath;C:\Windows\system32;C:\Windows;C:\Windows\System32\Wbem;C:\Windows\System32\WindowsPowerShell\v1.0\;C:\Windows\System32\OpenSSH\;C:\Program Files (x86)\Windows Kits\10\Windows Performance Toolkit\;C:\Program Files\dotnet\;C:\Program Files\Git\cmd;C:\Program Files (x86)\Microsoft SQL Server\160\Tools\Binn\;C:\Program Files\Microsoft SQL Server\160\Tools\Binn\;C:\Program Files\Microsoft SQL Server\Client SDK\ODBC\170\Tools\Binn\;C:\Program Files\Microsoft SQL Server\160\DTS\Binn\;C:\Program Files\Microsoft SQL Server\150\Tools\Binn\;C:\Program Files\nodejs\;C:\Program Files\MySQL\MySQL Shell 8.0\bin\;C:\Users\aymna\AppData\Local\Programs\Python\Launcher\;C:\Users\aymna\AppData\Local\Microsoft\WindowsApps;C:\MinGW\bin;C:\Users\aymna\AppData\Local\Programs\Microsoft VS Code\bin;C:\Users\aymna\AppData\Local\Programs\cursor\resources\app\bin;C:\Users\aymna\.dotnet\tools;C:\Users\aymna\AppData\Local\GitHubDesktop\bin;C:\Users\aymna\flutter\flutter\bin;C:\Users\aymna\AppData\Local\Pub\Cache\bin;C:\Users\aymna\AppData\Roaming\npm
USERNAME=aymna
OS=Windows_NT
PROCESSOR_IDENTIFIER=Intel64 Family 6 Model 78 Stepping 3, GenuineIntel
TMP=C:\Users\aymna\AppData\Local\Temp
TEMP=C:\Users\aymna\AppData\Local\Temp




Periodic native trim disabled

---------------  S Y S T E M  ---------------

OS:
 Windows 10 , 64 bit Build 19041 (10.0.19041.5915)
OS uptime: 0 days 3:14 hours

CPU: total 4 (initial active 4) (2 cores per cpu, 2 threads per core) family 6 model 78 stepping 3 microcode 0xec, cx8, cmov, fxsr, ht, mmx, 3dnowpref, sse, sse2, sse3, ssse3, sse4.1, sse4.2, popcnt, lzcnt, tsc, tscinvbit, avx, avx2, aes, erms, clmul, bmi1, bmi2, rtm, adx, fma, vzeroupper, clflush, clflushopt, rdtscp, f16c
Processor Information for the first 4 processors :
  Max Mhz: 2808, Current Mhz: 802, Mhz Limit: 786

Memory: 4k page, system-wide physical 15783M (5145M free)
TotalPageFile size 23975M (AvailPageFile size 199M)
current process WorkingSet (physical memory assigned to process): 101M, peak: 101M
current process commit charge ("private bytes"): 233M, peak: 236M

vm_info: OpenJDK 64-Bit Server VM (21.0.9+10-LTS) for windows-amd64 JRE (21.0.9+10-LTS), built on 2025-10-21T00:00:00Z by "admin" with unknown MS VC++:1942

END.
